story_date;story_sequence_index;filename;is_meme;topic_primary;meme_type;source_mode;external_source_account;tone;ideological_target;notes;
01.01.2025;1;9217;1;new years eve;template;repost;piotr.mikolajski;satire;;people using fireworks;
01.01.2025;2;9218;0;;;text;;;;;
01.01.2025;3;9219;0;;;original;;;;;
01.01.2025;4;9220;1;new year ;video with caption;original;;satire;;joke about people hoping new year will bring change to their lives;
02.01.2025;1;9224;1;new year;video with caption;original;;satire;;;
02.01.2025;2;9225;0;;;original;;;;;
02.01.2025;3;9226;0;drugs;screenshot;reply;kosciolowskiprzemek;satire;;pun on gibon (type of ape and cigarette with marihuana);
03.01.2025;1;9232;0;;;;;;;screenshot from tv show where one interviewee wears mlh t-shirt;
03.01.2025;2;9233;1;nature;photo with caption;original;;satire;;;
03.01.2025;3;9234;0;;;;;;;;
04.01.2025;1;9237;1;animals ;video with caption;video;drhau.krakow;satire;;coming back to reality after holidays like coming to after a surgery;
04.01.2025;2;9238;0;animals ;;reply;przemeksurmacz;calming;;;
04.01.2025;3;9239;0;;video with caption;original;;;;;
05.01.2025;1;9240;1;lord of the rings;video with caption;original;;irony;;gandalf confused, at loss for finding his bearings;
06.01.2025;1;9241;0;;;;;;;;
06.01.2025;2;9242;1;;video ;repost;grayo_official;satire;;;
06.01.2025;3;9243;1;holidays;video with caption;original;;satire;working classes;harsh reality after long holidays;
06.01.2025;4;9244;1;holidays;macro;original;;satire;working classes;Ryszard petru reminds January 6 is free;
06.01.2025;5;9245;1;holidays;photo with caption;repost;marek_kornackisz;satire;;3 different delivery services vans parked in line;
06.01.2025;6;9246;1;holidays,politics;photo with caption;original;;satire;;Donald Tusk with snowman he built with red pepper for a nose;
06.01.2025;7;9247;1;holidays;photo with caption;original;;satire;;"close up on snowmans face with caption ""jebne 8 godzin snu i bedzie git""";
06.01.2025;8;9248;1;politics;photo with caption;original;;satire;;"close up on snowmans face with caption ""jebne 100 obietnic i bedzie git""";
06.01.2025;9;9249;0;politics;photo with caption;repost;karolinakp;satire;;polish edition of comedians in cars getting coffee from tv republika;
06.01.2025;10;9250;0;lifestyle;video;repost;mit.o.syzyfie;satire;;;
06.01.2025;11;9251;0;lewandowski;screenshot;original;;informative;;lewandowski's award of best bundesliga footballer in 21 century;
06.01.2025;12;9252;0;lewandowski;screenshot;original;;informative;;top 5 of the bild best footballers;
06.01.2025;13;9253;1;sports;photo ;original;;irony;;polish footballer best in german league;
06.01.2025;14;9254;1;everydaylife;photo;repost;lunaticdiva;satire;;3 different food couriers at mcdonalds checkout with bags ;
06.01.2025;15;9255;0;nature;video ;repost;darkdog6;funny;;spring coming;
06.01.2025;16;9256;1;celebrities;video with caption;repost;turtlehype;satire;;"""Moje mysli o 2 w nocy:"" and interview with podsiadlo";
06.01.2025;17;9257;0;nature;photo;repost;tomaszkurczaba;picturesque;;photo of sky in antarctic;
06.01.2025;18;9258;0;;;;;;;;
07.01.2025;1;9259;1;everydaylife;video with caption;adapted;michal.nyc;satire;;sliding down iced stairs;
07.01.2025;2;9260;0;duda;screenshot;repost;swobodny_lot_komety;satire;;andrzej duda photo at dump behind bars;
07.01.2025;3;9261;1;duda;photoshop;original;;satire;;close up on dudas face behind bars;
07.01.2025;4;9262;1;everydaylife;video with caption;original;;satire;working classes;man in bed floating down river;
07.01.2025;5;9263;1;work;video with caption;original;;satire;working classes;warrior being shot at with tens of arrows (opening work email box);
07.01.2025;6;9265;1;everydaylife,szczecin;photo with caption;adapted;marek_kornackisz;satire;;carpet stand on top of block of flats;
07.01.2025;7;9266;1;politics,menzen;photo with caption;original;;satire;;menzen getting measured at taylor;
07.01.2025;8;9267;1;politics,menzen;photoshop;repost;szwagierkolasla;satire;;;
07.01.2025;9;9268;1;everydaylife;photo with caption;original;;satire;;sweater from nanna instead of expensive coat;
07.01.2025;10;9269;0;politics;photo with caption;;;informative;conservatives;tv republika;
07.01.2025;11;9270;0;politics;video;;;informative;conservatives;tv republika;
07.01.2025;12;9271;0;;;;;informative;conservatives;erratum to previous story;
07.01.2025;13;9272;0;;;;;informative;conservatives;tv republika;
07.01.2025;14;9273;0;everydaylife;video with caption;repost;patelke;quirky;;3 boys taste chocolate;
07.01.2025;15;9274;0;everydaylife;;;;quirky;;;
07.01.2025;16;9275;0;;macro;;;quirky;;;
07.01.2025;17;9276;1;politics,tv republika;photoshop;reply;kubiaktoja;satire;;mock of kleczek's fedora hat;
07.01.2025;18;9277;0;news,germany;screenshot;repost;tvn24.pl;funny;;;
07.01.2025;19;9278;1;everydaylife;screenshot;original;;satire;;approval of berlins ban on fireworks;
07.01.2025;20;9279;0;politics,tv republika;video ;;;;;;
07.01.2025;21;9280;1;tv republika,popculture;photoshop;original;;satire;conservatives;kleczek and snuffkin: teen star destroyed by fentanyl addiction;
07.01.2025;22;9281;1;tv republika;photo with caption;repost;swobodny_lot_komety;satire;conservatives;entering the town of smolensk;
07.01.2025;23;9282;1;popculture;photo;reply;paliinsky;satire;conservatives;comparing menzen to otto flick;
07.01.2025;24;9283;1;politics,trump,musk;photoshop;repost;shoggeh;satire;us.politics;musk whisper to trump from lord of the rings;
07.01.2025;25;9284;0;celebrities;screenshot;original;;cringy;;;
07.01.2025;26;9285;0;celebrities;screenshot;reply;kurchuck.norris;cringy;;;
07.01.2025;27;9286;1;tv republika;photoshop;repost;vogello;satire;conservatives;kleczek in car like dick dastardly with muttley (Wacky Races cartoon);
07.01.2025;28;9287;1;oldage;photo with caption;original;;satire;oldage;colonoscopy referral: reference to old age: if you're familiary with wacky races cartoon, youre old, you should take care of your health;
07.01.2025;29;9288;0;celebrities;screenshot;repost;nina_voigt;cringy;;;
07.01.2025;30;9289;1;celebrities;video with caption;repost;felozaurus;satire;;;
07.01.2025;31;9290;0;celebrities;screenshot;;;shocking;;Dua lipa interview Tokarczuk;
07.01.2025;32;9291;0;politics,trump;screenshot;repost;pawel_zuchowski;informative;us.politics;Trump about panama canal;
07.01.2025;33;9292;0;nature;video;repost;sara.kopara;calming;;166 days to summer;
08.01.2025;1;9293;0;celebrities;screenshot;reply;kosciolowskiprzemek;cringy;;;
08.01.2025;2;9294;1;everydaylife;video with caption;original;;satire;;begining of day;
08.01.2025;3;9295;0;ai,everyday;video with caption;repost;sztuczna_polska;satire;nostalgia;"""Pan Tadeusz lata 90""";
08.01.2025;4;9296;0;technology;screenshot;repost;spiderswebpl;informative;bigtech;Zuckerberg sack moderators;
08.01.2025;5;9297;0;technology, politics;screenshot;repost;rzeczpospolita_dziennik;shocking;bigtech;Zuckerberg money to inauguration;
08.01.2025;6;9298;1;everydaylife,work;screenshot;repost;adwokat_magdalena_grzeskowiak;satire;working classes;"car sticker ""I'm going slowly because I'm in a hurry to work""";
08.01.2025;7;9299;1;housing;macro;original;;shocking;;5% commission to realestate agent;
08.01.2025;8;9230;0;Szczecin;;;;;;;
08.01.2025;9;9301;0;news,us;screenshot;repost;swobodny_lot_komety;informative;climate;fire pacific palisades;
08.01.2025;10;9302;0;news,us;screenshot;repost;danhellie;informative;climate;malibu on fire;
08.01.2025;11;9303;0;news,us;video;repost;us_stormwatch;informative;;;
08.01.2025;12;9304;0;news,us;video;repost;;informative;;;
08.01.2025;13;9305;1;business;macro;original;;funny;;insurance agencies stressing out about the fires;
08.01.2025;14;9306;0;politics,trump;video with caption;repost;wiechography;informative;;why trump wants greenland;
08.01.2025;15;9307;0;wosp;screenshot;;;shocking;;;
08.01.2025;16;9308;0;facebook;screenshot;repost;gbagsz;quirky;;facebook group to share your mozzoralla animals;
08.01.2025;17;9309;0;facebook;screenshot;;;quirky;;Favourite animal: dachsund in red scarf;
08.01.2025;18;9310;0;;text;;;satire;;"""now you know what's that white ball for once you drink the water""";
08.01.2025;19;9311;0;news;screenshot;repost;reuters;informative;;capture of south korea's impeached leader;
08.01.2025;20;9312;1;news,police,korea;video with caption;original;;satire;;recording of police breaking down into somebody's house;
08.01.2025;21;9313;0;news,christmas;screenshot;repost;jacek.kwiatek;satire;;belgian agency: don't eat christmas tree;
08.01.2025;22;9314;1;news,meta;screenshot;repost;gdziejeszafa;satire;bigtech;Zuckerberg, recipient of worlds first rat penis transplant, announces meta will stop fact checking;
08.01.2025;23;9315;0;relaxation;video with caption;repost;vita_lenta;calming;;man lies looks at see;
08.01.2025;24;9316;1;celebrities;video;repost;unattributed;cringy;;celebrity giving life pro tips;
08.01.2025;25;9317;0;ai ;screenshot;repost;szczepan_janusz;satire;;screenshot with chatgpt;
08.01.2025;26;9318;1;ai ;macro;original;unattributed;satire;;rudeness to chatgpt pays off;
08.01.2025;27;9319;0;poland;video with caption;repost;officialstickreviews;funny;;capture of stick review from poland;
08.01.2025;28;9320;1;popculture,celebrities;video;repost;polish_to;satire;;capture of klan episode;
08.01.2025;29;9321;0;news,meta;screenshot;repost;demagog;informative;bigtech;europe slams zuckerberg;
08.01.2025;30;9322;1;everydaylife;screenshot;repost;swobodny_lot_komety;satire;;guy breaks into florist and gives bouquets around for free;
08.01.2025;31;9323;1;celebrities;screenshot;reply;kat.paro;satire;;funny comment to meme #9316;
08.01.2025;32;9324;1;everydaylife,work;video with caption;original;unattributed;satire;working classes;leaving work at 17:01;
08.01.2025;33;9325;0;news,poland,elections;screenshot;original;unattributed;informative;;official announcement presidential elecetions in poland may 18;
08.01.2025;34;9326;1;john paul 2;screenshot;repost;unattributed;funny;;may 18 birth of jp2;
08.01.2025;35;9327;0;news,football,szczesny;screenshot;repost;unattributed;informative;football;szczesny first goalkeeper;
08.01.2025;36;9328;0;barcelona;screenshot;repost;unattributed;;;;
08.01.2025;37;9329;1;john paul 2,szczesny;macro;original;;funny;;jp2's hand gesture from szczesny to pena;
08.01.2025;38;9330;1;szczesny;macro;repost;ekstraklasatrolls;funny;football;another joke: szczesny locked pena in;
08.01.2025;39;9331;1;szczesny;macro;original;;cute;football;loving szczesny;
08.01.2025;40;9332;0;szczesny;screenshot;repost;unattributed;informative;football;best players in barca match;
08.01.2025;41;9333;1;szczesny;screenshot;original;;funny;football;szczesny=ministro de defensa nacional;
08.01.2025;42;9334;0;szczesny;photo with caption;original;;informative;football;szczesny in goal, barca win;
08.01.2025;43;9335;0;szczesny,football,poland;screenshot;reply;czystyojciec;funny;football;polish football team undefeated too (szczesny doesnt play for ntnl team);
08.01.2025;44;9336;1;john paul 2,elections;screenshot;reply;robo5000;funny;;"closing poll stations; suggest at 2137";
08.01.2025;45;9340;0;cats;video with caption;repost;dropsthedogfanpage;calming;;2 cats in front of fire;
09.01.2025;1;9341;0;everydaylife;video with caption;repost;unattributed;inspiring;;good morning music;
09.01.2025;2;9342;0;everydaylife,hacks;video with caption;repost;throwback_pasta;informative;;how open parmegianno cheese right;
09.01.2025;3;9343;0;everydaylife;screenshot;repost;jebsiepisie;quirky;;"comment section of absurd comments, e.g. ""I've slept in the guest room in my own house twice. Nobody checks that.""";
09.01.2025;4;9344;0;everydaylife;screenshot;repost;jebsiepisie;quirky;;same;
09.01.2025;5;9345;0;science;video with caption;repost;naukowybelkot;quirky;;;
09.01.2025;6;9346;0;news,wosp;screenshot;repost;rmf24.pl;informative;conservatives;police capture owsiak's blackmailer;
09.01.2025;7;9347;0;news,wosp,tv republika;screenshot;repost;wirtualnapolska;informative;conservatives;context to the story;
09.01.2025;8;9348;0;news,star wars;video with caption;repost;piotrekjotpe;informative;;10 year anniversary;
09.01.2025;9;9349;1;politics,konfederacja;text;original;;;conservatives;allusion to pieprzyc konfederacje;
09.01.2025;10;9350;0;sports,tennis;screenshot;repost;polingie;informative;;;
09.01.2025;11;9351;0;news,star wars;screenshot;reply;ola_z_przedszkola;funny;;comment to #9348;
09.01.2025;12;9352;0;reply;photo with caption;original;;funny;;reply to comment;
09.01.2025;13;9353;0;news,poland ;screenshot;repost;konto.felkowe;quirky;;;
09.01.2025;14;9354;0;news,poland,weather;screenshot;repost;grzesplb;informative;;;
09.01.2025;15;9355;0;reply;photo with caption;original;;quirky;;add word morszkulce to dictionary;
09.01.2025;16;9356;0;news,us,fire;video with caption;repost;ryankatzrosene;informative;;;
09.01.2025;17;9357;0;news,us,fire;video with caption;repost;joshuahind;informative;us.politics;canadians help in california;
09.01.2025;18;9358;0;news,uk;screenshot;repost;tvn24bis;informative;;brits snowed under in pub;
09.01.2025;19;9359;0;everydaylife;screenshot;repost;em_te;informative;;miscaluclation of how much time we waste in traffic jams daily;
09.01.2025;20;9360;0;anniversary;screenshot;repost;unattributed;informative;;15 anniversary of Ale urwal;
09.01.2025;21;9361;0;anniversary;screenshot;repost;unattributed;informative;;same;
09.01.2025;22;9362;0;reply;screenshot;reply;wlodar.ek;funny;;comment to #9343;
09.01.2025;23;9363;0;nature;;;;calming;;;
09.01.2025;24;9364;1;nature;video;original;;funny;;same video as in #9363 with diff audio;
09.01.2025;25;9365;0;nature;video;repost;beryl_the_squirrel;calming;;sleeping squirrels;
09.01.2025;26;9366;0;science;screenshot;repost;naukowybelkot;informative;;post representing uptake in traffic after a post on mlh;
09.01.2025;27;9367;0;elections,poland;video with caption;repost;karl_ju;informative;;latarnik wyborczy;
09.01.2025;28;9368;0;reply;screenshot;reply;daisyonafrenzy;quirky;;;
09.01.2025;29;9369;1;nature;macro;original;;calming;;;
09.01.2025;30;9370;0;reply;screenshot;reply;dariusz_nagler;funny;;comment to #9365;
09.01.2025;31;9371;1;news,nawrocki,elections;photo with caption;original;;funny;conservatives;"""nawrocki zdradzil, co uwazal""";
09.01.2025;32;9372;0;reply;screenshot;reply;sosohanys;funny;;comment to #9354;
09.01.2025;33;9373;1;news,accident;screenshot;repost;czystyojciec;funny;;joke about a bmw driving correctly;
09.01.2025;34;9374;1;nawrocki;photoshop;original;;funny;conservatives;joke about nawrocki's weightlifing career;
09.01.2025;35;9375;0;nature;video with caption;repost;swobodny_lot_komety;calming;;;
09.01.2025;36;9376;0;news,lewandowski;screenshot;repost;felozaurus;funny;;;
09.01.2025;37;9377;1;everydaylife;screenshot;repost;dostawczakiem;funny;;"use of ""Mamy XXX w domu"" meme template";
09.01.2025;38;9378;0;news,poland;screenshot;repost;unattributed;quirky;;soil of the year in poland;
09.01.2025;39;9379;1;tusk;macro;original;;funny;;logo of soil association and picture of tusk saying for deutschland because the logo resembles german flag;
09.01.2025;40;9380;0;everydaylife;screenshot;repost;unattributed;quirky;;common mushrooms on soil of the year;
09.01.2025;41;9381;0;news,poland,theft;screenshot;repost;unattributed;shocking;;facebook post of childrens hospital asking to stop stealing the bedsite lamps;
09.01.2025;42;9382;0;reply;screenshot;repost;unattributed;shocking;;screenshot from shop selling the lamps saying theyre cheap;
09.01.2025;43;9383;1;ai;screenshot;repost;dawidgalinski;quirky;;black hawk helicopter made with hałki;
09.01.2025;44;9384;0;nature;screenshot;repost;fiorentina_jahrany;beautiful;;sunset in krakow;
09.01.2025;45;9385;0;news,politics,russia;screenshot;repost;unattributed;shocking;;putin in mongolia;
09.01.2025;46;9387;1;news,politics,poland;screenshot;repost;szymon.jadczak;shocking;;general dismissed after losing landmines;
09.01.2025;47;9388;1;lifein2025;screenshot;repost;swobodny_lot_komety;funny;;hopes for nice 2025 dashed: photo of forestfires in california;
09.01.2025;48;9390;0;news,fires;screenshot;repost;igndotcom;shocking;;fallout season 2 cancelled due to la fires;
09.01.2025;49;9391;0;news,football,barcelona;screenshot;repost;unattributed;informative;;real madrid to play in spain super cup;
09.01.2025;50;9392;0;reply;screenshot;reply;eve_gle;funny;;comment to #9388;
09.01.2025;51;9393;1;lifein2025;photoshop;original;;scary;;chihuaha, military helicopters, viruses;
09.01.2025;52;9394;0;politics ;screenshot;repost;adaskropka;shocking;;comment to pis and po agree to let natanyahu arrive in poland;
09.01.2025;53;9395;0;news,politics;screenshot;repost;unattributed;shocking;;conservative politicians turn down bill to check hunters health;
09.01.2025;54;9396;0;nature;screenshot;repost;kolodka_z_radia;informative;;petrichor;
09.01.2025;55;9397;0;reply;;;;;;;
09.01.2025;56;9398;0;nature;screenshot;repost;julia_ka5;beautiful;working classes;sunset;
09.01.2025;57;9399;0;news,virus;screenshot;repost;rzeczpospolita_dziennik;shocking;;new virus ;
09.01.2025;58;9400;0;nature;video;repost;_bookfa_;calming;;hedgehog having bath;
10.01.2025;1;9401;0;everydaylife;video with caption;repost;patryk_zurawski;inspiring;working classes;good morning music;
10.01.2025;2;9402;0;everydaylife;video with caption;repost;patryk_zurawski;inspiring;;c'd story of a supermarket trolley travelling (music by Somewhere over the rainbow by samuel kamakawiwo'ole);
10.01.2025;3;9403;1;everydaylife;photo with caption;original;;funny;;"doggy with silly face expressing ""oh, well, bummer :(""";
10.01.2025;4;9404;0;news,airport;screenshot;repost;gazetapl;informative;;power outage at chopin airport;
10.01.2025;5;9405;1;walesa;macro;repost;kaszebe;funny;;"walesa meme series example, ""To ja im wtedy mówie ...""";
10.01.2025;6;9406;1;greenland,trump,snowmen;photo with caption;repost;krzycz_hubson;funny;us.politics;army snowmen w/ spears;
10.01.2025;7;9407;1;greenland ;photo with caption;original;;funny;;"Nuuk, ""imagine you live in a block of flats""";
10.01.2025;8;9408;1;greenland,sosnowiec;photo with caption;original;;funny;;"caption: ""W sumie coś jak Sosnowiec""";
10.01.2025;9;9409;1;greenland ;photo with caption;original;;funny;;"caption: ""mamoooooo, rzucisz pilke?""";
10.01.2025;10;9410;0;everydaylife;screenshot;reply;daisyonafrenzy;funny;;reply to story #9401 about distance as reason for putting back trolleys;
10.01.2025;11;9411;0;nature,poland;screenshot;repost;unattributed;informative;;public consultations about rivers;
10.01.2025;12;9412;0;greenland;screenshot;repost;unattributed;informative;;story of blocks of flats in nuuk (social transformations in 50s/60s, alcoholism);
10.01.2025;13;9413;1;netanyahu,poland;screenshot;repost;maciekmontuje;shocking;;judicial process in poland, funny;
10.01.2025;14;9414;0;everydaylife;screenshot;reply;psiamiskaa;funny;;reply to story #9401 about trolleys looking for a way out;
10.01.2025;15;9415;0;reply;screenshot;reply;marcinwt;informative;;reply to story  #9396 about geosmina;
10.01.2025;16;9416;1;selfrefential;photo with caption;original;;funny;;pic of cat with interlocked finger;
10.01.2025;17;9417;1;everydaylife;macro;original;;funny;;trolleys talking about latest adventures in trolley park at supermarket;
10.01.2025;18;9418;1;selfrefential;macro;repost;piotr.gorny;funny;;collection of power rangers with different words (śryż, śreżoga, etc) to create one big monster fighter make_life_harder;
10.01.2025;19;9419;0;reply;screenshot;repost;carlosbejker;informative;;reply to story #9381: company bought new lamps for hospital;
10.01.2025;20;9420;0;reply;screenshot;repost;unattributed;informative;;reposting info about transporting lamps to hospital (free ad for company);
10.01.2025;21;9421;0;news,musk;screenshot;repost;piotrweltrowski;informative;us.politics;rise and fall of elon musk;
10.01.2025;22;9422;0;news,musk;screenshot;repost;piotrweltrowski;informative;us.politics;rise and fall of elon musk;
10.01.2025;23;9423;0;news,musk;screenshot;repost;piotrweltrowski;informative;us.politics;rise and fall of elon musk;
10.01.2025;24;9424;0;musk;screenshot;repost;unattributed;shocking;;2 dudes discussing elon NOT playing the game he was claiming he was;
10.01.2025;25;9425;0;catholic church,mass;screenshot;repost;gregor_konop;shocking;church;priest telling loads of rubbish;
10.01.2025;26;9426;0;news,airlines,kebab;screenshot;repost;daniel.kuberczyk;funny;;turkish airlines official introduce kabab in menu;
10.01.2025;27;9427;0;everydaylife;screenshot;repost;swobodny_lot_komety;funny;;toilet cleaning zodiac signs;
10.01.2025;28;9428;1;kebab;macro;original;;funny;;some man's photo next to photo with info about kebab in airlines;
10.01.2025;29;9429;0;everydaylife,realestate;screenshot;repost;olawpodrozy;shocking;;5 houses in zakopane without approval;
10.01.2025;30;9430;1;everydaylife,Szczecin;screenshot;repost;krolikowska_an;funny;;a/c in szczecin's castle with pictures of bricks stuck on to mask their presence;
10.01.2025;31;9431;0;reply;screenshot;reply;kuyaviastudio;funny;;;
10.01.2025;32;9432;1;selfrefential;macro;original;;funny;;all strange words MLH loves;
10.01.2025;33;9433;1;news,poland;screenshot;repost;morson_cat;funny;;onet news screenshot with 4 articles: rows during miesiecznica smolenska, molestation in catholic church, politicians, 6yearold hit by car;
10.01.2025;34;9434;1;everydaylife;video with caption;repost;nerwowe;funny;;cooking with induction stove w/ caption Praca w piątek;
10.01.2025;35;9435;0;nature,cats;video with caption;repost;swobodny_lot_komety;calming;;cat chilling on sofa, sea murmuring nearby;
10.01.2025;36;9436;0;commercial;text;;;;;announcement;
10.01.2025;37;9437;0;commercial;screenshot;repost;ingpolska;;;;
10.01.2025;38;9438;0;commercial;link;repost;ingpolska;;;;
10.01.2025;39;9439;0;commercial;text;;;;;announcement;
10.01.2025;40;9440;1;selfrefential;photo with caption;original;;funny;;homemade recording of the ad with homemade special effects;
10.01.2025;41;9441;0;reply;screenshot;reply;all_broken_pencils;funny;;ad's ranks from rotten tomatoes, imdb, filmweb;
10.01.2025;42;9442;1;selfrefential;photo with caption;original;;ironic;;"""perfect"" add with zenek martyniuk (musician)";
10.01.2025;43;9443;0;reply;screenshot;reply;szwagierkolaska;funny;;MLH as oscars contenders;
10.01.2025;44;9444;1;everydaylife;video with caption;repost;irena.janataeva;funny;working classes;women leaving the camera frame in an unusal way;
10.01.2025;45;9445;1;rickroll;photo with caption;repost;unattributed;funny;;knitted qr code to never gonna give you up;
10.01.2025;46;9446;1;reply;photo with caption;reply;fkadrze;funny;;"frame from MLH ad (Jacobe crawling with lighter on) w caption ""gdy ladowarka spadnie za kanape""";
10.01.2025;47;9447;0;reply;screenshot;reply;m_olejnik;funny;;;
10.01.2025;48;9448;0;reply;screenshot;reply;agnieszkadworznik;funny;;;
10.01.2025;49;9449;1;selfrefential;photo with caption;original;;funny;;"""Dajcie spokoj, od trzech dni mam zakwasy"" photo of Jakobe lying on stool in famous tom cruise position from mission impossible 1";
10.01.2025;50;9450;0;selfrefential;text;original;;funny;;;
10.01.2025;51;9451;1;reply;photo with caption;reply;sosohanys;funny;;"frame from MLH ad (Jacobe lying on stool) w caption ""ja gdy zona odkurza w mieszkaniu""";
10.01.2025;52;9452;1;reply;photo with caption;repost;pan_od_mapy;funny;;"frame from MLH ad (Jacobe lying on stool) w caption ""kot w wannie, gdy probujesz go wykąpac""";
10.01.2025;53;9453;1;news,poland,army;screenshot;repost;bipolska;funny;;soldiers lost mines, found them in transit to Ikea, accused;
10.01.2025;54;9454;1;pakistan,airlines;screenshot;repost;unattributed;funny;;"Pakistan back to fly to paris; poster with airplane flying into eiffel tower";
10.01.2025;55;9456;0;nature,animals;video with caption;repost;dropsthedogfanpage;calming;;family of boars in vegetation;
11.01.2025;1;9457;1;lewandowski,szczesny;video with caption;repost;unattributed;funny;;drinking ;
11.01.2025;2;9458;1;selfrefential;photo with caption;original;;;football;lewandowski i szczesny drinking;
11.01.2025;3;9459;1;drinking;photo with caption;repost;martalipniewicz;funny;football;lewandowski i szczesny drinking, caption Za bezpieczny weekend, Wladziu!;
11.01.2025;4;9460;1;drinking;photo with caption;original;;funny;football;lewandowski i szczesny drinking, caption Smacznej herbatki Niech Penia zatrzasnie sie w szatni!;
11.01.2025;5;9461;1;reply;photo with caption;repost;sandzia_pandzia;funny;;"frame from MLH ad (Jacobe lying on stool) w caption ""Ja: chce otworzyc szuflade. tluczek do ziemniakow:""";
11.01.2025;6;9462;0;news,poland,extradiction;screenshot;repost;unattributed;informative;;;
11.01.2025;7;9463;0;reply;screenshot;reply;matys_2137;funny;;;
11.01.2025;8;9464;0;everydaylife;screenshot;original;;quirky;;sharing instagram profile of a clam Maurice;
11.01.2025;9;9465;1;everydaylife;screenshot;original;;funny;;clam sitting in deckchair, caption Wchodzac w dwudzionek;
11.01.2025;10;9466;1;trzaskowski;screenshot;repost;Rafał Trzaskowski's IG;informative;conservatives;Trzaskowski's notice of snow drifts with caption Czaskoskiii (referring to rightwing politicians tendency to blame him for every problem in warsaw);
11.01.2025;11;9467;1;trzaskowski;video with caption;original;;funny;;snow plough leaving station;
11.01.2025;12;9468;0;selfrefential;text;;;ironic;;trigger warning;
11.01.2025;13;9469;0;nature,birds;video with caption;repost;dolinskyy;funny;;great tits eating breakfast for 1 minute;
11.01.2025;14;9470;0;nature;;;;picturesque;;forest winter;
11.01.2025;15;9471;0;tv republika;screenshot;repost;unattributed;shocking;;owsiak demoralises youth;
11.01.2025;16;9472;1;everydaylife;screenshot;repost;_janvasil;informative;;health benefits of drinking coffee;
11.01.2025;17;9473;1;everydaylife;video with caption;repost;karl_ju;funny;;polish breakfast: scrambled eggs, bread with pate and tomatoes;
11.01.2025;18;9474;0;news,pope,catholic;screenshot;repost;one_gram_of_happiness;informative;church;news about homosexuals now able to join seminars;
11.01.2025;19;9475;0;reply;text;original;;;church;comment: perhaps joke that they have always been able ;
11.01.2025;20;9476;1;nostalgia;video with caption;repost;polish_nostalgia;nostalgic;;Sounds evoking nostalgia;
11.01.2025;21;9477;1;everydaylife;screenshot;repost;dagmara.philippot;funny;;"job listing with Attential to detail as requirement (in Polish typo ""Dkładność"")";
11.01.2025;22;9478;1;everydaylife;photo with caption;repost;unattributed;funny;working classes;"grafitti ""Jebac kult zapierdolu""";
11.01.2025;23;9479;0;news,celebrities;screenshot;repost;tvn24.pl;informative;;Taco Hemingway proposed as name for square/street in Warsaw;
11.01.2025;24;9480;0;reply;screenshot;reply;ziajkowski;funny;;reply to story #9474 (Whats the diff, they are celibate anyway);
11.01.2025;25;9481;1;reply;macro;original;;funny;;"photo of priest laughing, caption "" -""W celibacie""""";
11.01.2025;26;9482;0;news,sports,poland;video with caption;repost;eurosportpl;informative;;success at snowboarding of a polish female contender;
11.01.2025;27;9483;0;news,nature;screenshot;repost;unattributed;informative;;Maurice, the clam, died;
11.01.2025;28;9484;0;selfrefential;video with caption;repost;maurice_the_clam;funny;;"Maurince in deckchair, chillin, caption ""Takim go zapamiętamy""";
12.01.2025;1;9489;1;jesus;video with caption;repost;unattributed;funny;church;jesus video on jesus sculture;
12.01.2025;2;9490;0;everydaylife;screenshot;repost;unattributed;funny;;marzipan day ;
12.01.2025;3;9491;0;reply;screenshot;reply;kosciolowskiprzemek;quirky;;reply to story #9483;
12.01.2025;4;9492;1;trzaskowski;video with caption;repost;unattributed;funny;;"Czaskoski; snowplough driving throgh enormous drifts, forest in background";
12.01.2025;5;9493;1;poland,army,ikea;photoshop;repost;szwagierkolaska;funny;;photoshop of ikea listing format but with the lost landmine (logo, swedish name included);
12.01.2025;6;9494;0;selfrefential;screenshot;repost;tvn ;quirky;;jakobe apologises for not posting lately: they were at a morning tv show (he links karolina's dad's jewellery shop);
12.01.2025;7;9495;0;selfrefential;screenshot;repost;Karolina's mum;funny;;karolina's dad webpage crash;
12.01.2025;8;9496;1;selfrefential;screenshot;reply;wojciechzurawski91;funny;;"photo of tvn show with jakobe on screen w caption ""pov: wlacze sobie tc zeby zobaczyc cos innego niz mlh""";
12.01.2025;9;9497;1;selfrefential;screenshot;repost;iwonka911;quirky;;"photo of tvn show w jakobe holding hands outstreched w caption ""rece, ktore leczo""";
12.01.2025;10;9498;1;selfrefential;screenshot;repost;patelke;funny;;"photo of tvn show w jakobe smiling, eyes closed, apparantly smug w caption ""Kiedy mozesz opowiedziec o sobie w telewizorni""";
12.01.2025;11;9499;1;selfrefential;photoshop;original;;funny;;inside of fridge with smiling jakobe and karolina pasted in to suggest they're everywhere on media;
12.01.2025;12;9500;1;selfrefential;screenshot;reply;sosohanys;funny;;"reply to story #99497 w message ""Pierwsza para polskiego internetu! Jakie to uczucie pokonac Jaszczura i Ludwiczka""";
12.01.2025;13;9501;1;selfrefential;photoshop;repost;angielski_z_bozena;funny;;"photo of tvn show w jakobe gesturing at karolina, as if mansplaining, two more photos of similar situations: dudes gesturing at girls, saying something ""important"", girls moving away";
12.01.2025;14;9502;1;selfrefential;screenshot;reply;mateusz.miszewski;funny;;meme w winnie the pooh sitting in armchair: upper photo: red t shirt, lower tuxedo, captions parallel Kult zapierdolu and Kult pracowania ponad miare. jakobe's reaction: heart;
12.01.2025;15;9503;1;selfrefential;screenshot;reply;marcinn79;funny;;"reply to story #9494 w message ""Zawsze na czyichś plecach""";
12.01.2025;16;9504;1;everydaylife;screenshot;repost;unattributed;quirky;;congratulating on successfully baking a pie shaped like lizard;
12.01.2025;17;9505;1;selfrefential;photoshop;repost;bosieporycze;funny;;"2 photos: karolina and jakobe on top and marianna schreiber with przemyslaw czarnecki. both captioned ""Pierwsza para polskiego internetu"", headshot of pam beesly (signifier of comparing 2 photos and concluding they're identical)";
12.01.2025;18;9506;0;news,history;screenshot;repost;glos_z_twojej_szafy;informative;;anniversary of first insulin shot as treatment for diabetes;
12.01.2025;19;9507;0;selfrefential;screenshot;reply;gonia_kc;funny;;message cricisizing jakobe for stressing dadinlaw out because of his crashed webpage;
12.01.2025;20;9508;1;everydaylife;screenshot;repost;czystyojciec;funny;;toilet brush stand in the shape of the sculpture of david;
12.01.2025;21;9509;0;politics,poland;screenshot;repost;fakt.pl;shocking;;taxing childless couples;
12.01.2025;22;9510;1;everydaylife;screenshot;repost;unattributed;funny;;typo: company impregnates (zapłodni) instead of employs (zatrudni);
12.01.2025;23;9511;1;catholic;macro;original;;funny;;"template meme of awkward look monkey puppet captioned ""Episkopat:""";
12.01.2025;24;9512;1;everydaylife;screenshot;repost;unattributed;funny;;"dictionary explanation of ""Dzban Schrodingera""";
12.01.2025;25;9513;1;ai,politics;video with caption;repost;piotrek_krs;funny;;"beaver as polish president (reference to meme ""bobr kurwa"")";
12.01.2025;26;9514;1;selfrefential;photo with caption;repost;tomislav_beezone;funny;;"two marzipan chocolate bars merci captioned ""no, merci""";
12.01.2025;27;9515;0;szczesny;screenshot;repost;barca_infopol;informative;football;;
12.01.2025;28;9516;0;football,barcelona;photo with caption;original;;informative;football;;
12.01.2025;29;9517;0;football,barcelona;photo with caption;original;;informative;football;;
12.01.2025;30;9518;0;football,barcelona;photo with caption;original;;informative;football;;
12.01.2025;31;9519;0;football,barcelona;photo with caption;original;;informative;football;;
12.01.2025;32;9521;0;football,barcelona;photo with caption;original;;informative;football;;
12.01.2025;33;9522;1;football,barcelona;photo with caption;original;;funny;football;popular photo of szczesny from match against argentina (he stopped messi's free kick), grimace suggesting chill, i got this;
12.01.2025;34;9523;1;football,barcelona;video with caption;repost;unattributed;funny;football;dancers moving in sync;
12.01.2025;35;9524;0;football,barcelona;photo with caption;original;;informative;football;;
12.01.2025;36;9525;0;football,barcelona;photo with caption;original;;informative;football;;
12.01.2025;37;9528;0;football,barcelona;photo with caption;original;;informative;football;;
12.01.2025;38;9529;0;football,barcelona;photo with caption;original;;informative;football;;
12.01.2025;39;9530;1;football,barcelona;photo with caption;original;;funny;football;photo of family of 3 on rollercoaster w various faces;
12.01.2025;40;9531;1;szczesny;photo with caption;original;;funny;football;"frame from trailer park boys when protagonist says, ""I shouldnt do it, but fuck it""";
12.01.2025;41;9532;0;football,barcelona;photo with caption;original;;informative;football;;
12.01.2025;42;9533;0;szczesny;screenshot;reply;j.cabronski;funny;football;reply to story #9528 about szczesny leaving pitch to have a cigarette;
12.01.2025;43;9534;0;szczesny;screenshot;repost;barca_infopol;funny;football;"""Hehe"" reply to story 9515 about flick keeping szczesny in first squad until end of tournament";
12.01.2025;44;9535;1;szczesny,lewandowski;photo with caption;original;;funny;football;imaginary conversation b/n szczesny and lewandowski after match, szczesny sorry, lewandowski understanding;
12.01.2025;45;9536;1;szczesny;photoshop;repost;marek_kornackisz;funny;football;caption: szczesny like pena so much he let him play in final, hence red card;
12.01.2025;46;9537;0;football,barcelona;photo ;original;;informative;football;;
12.01.2025;47;9538;1;szczesny;screenshot;repost;ekstraklasatrolls;funny;football;pic of szczesny: retired, back to work, got red card so squads can be same, won a trophy faster than harry kane;
12.01.2025;48;9539;0;szczesny;screenshot;repost;unattributed;informative;football;;
12.01.2025;49;9540;1;lewandowski;photo with caption;original;;funny;football;"lewandowski with 2 teammates with cup, caption ""Stary z dzieciakami""";
12.01.2025;50;9541;1;szczesny;screenshot;repost;unattributed;funny;football;post claiming szczesny got red card so people can talk about it on social media;
12.01.2025;51;9542;0;lewandowski;photo ;original;;informative;football;;
12.01.2025;52;9543;0;dogs;video with caption;repost;panna_patern;inspring;;;
12.01.2025;53;9544;1;everydaylife;screenshot;repost;krzycz_hubson;quirky;;train traffic disruptions in olszyn, official info: minotaur;
12.01.2025;54;9545;0;nature;video with caption;repost;b_a_l_t_y_k;calming;;;
12.01.2025;55;9546;0;dogs,cats;video with caption;repost;vizslabegan;calming;;;
13.01.2025;1;9547;0;football,barcelona,szczesny,lewandowski;photo with caption;original;;informative;;;
13.01.2025;2;9548;1;lewandowski;photo with caption;original;make_life_harder;funny;football;jakobe's selfie with lewandowski;
13.01.2025;3;9549;1;everydaylife;video with caption;repost;unattributed;funny;;"video of kung fu fight w caption ""Ok, well, ready for mndy""";
13.01.2025;4;9550;0;celebrities;screenshot;reply;white_agp;funny;;;
13.01.2025;5;9551;0;szczesny;screenshot;repost;szjanczyk;funny;;;
13.01.2025;6;9552;0;news ;screenshot;repost;interia_codziennie;informative;;;
13.01.2025;7;9553;0;lewandowski;screenshot;repost;Damian Wiśniewski;funny;;;
13.01.2025;8;9554;1;everydaylife;video with caption;repost;unattributed;shocking;;chinese policeman pinning down a guy;
13.01.2025;9;9555;0;selfrefential;text;original;;funny;;;
13.01.2025;10;9556;1;police;macro;original;;funny;;tiny paralizer used by polish police;
13.01.2025;11;9557;1;selfrefential;screenshot;reply;maciek_bienias;funny;;;
13.01.2025;12;9558;0;selfrefential;text;original;;funny;;;
13.01.2025;13;9559;1;szczesny,lewandowski;screenshot;repost;lewandowski;quirky;;both sporting medal and cup;
13.01.2025;14;9560;1;szczesny,lewandowski;screenshot;original;;funny;;close up on the photo showing haribo, caption asking if anna knows;
13.01.2025;15;9561;0;selfrefential;screenshot;reply;vofighter;informative;;conversation about #9549;
13.01.2025;16;9562;0;selfrefential;screenshot;reply;bartek_pronin;funny;;conversation about #9549;
13.01.2025;17;9563;1;barcelona;photoshop;repost;coach_kuba;funny;;;
13.01.2025;18;9564;1;barcelona;photoshop;repost;wagnerjacek;funny;;;
13.01.2025;19;9565;0;lewandowski;screenshot;repost;maciej_gregorczyk;informative;football;note about lewandowski having scored 11 goals real madrid;
13.01.2025;20;9566;1;everydaylife;screenshot;repost;pan_curonium;quirky;football;guy about being banned from chess group on FB;
13.01.2025;21;9567;0;squirrels;video with caption;repost;dropsthedogfanpage;calming;;;
13.01.2025;22;9568;1;szczesny,lewandowski;macro;repost;darejoss2;funny;football;super cup as ashtray for szczesny;
13.01.2025;23;9569;0;football,poland;screenshot;repost;felozaurus;informative;;;
13.01.2025;24;9570;1;everydaylife;video with caption;repost;at_me_i;funny;;granny's methods of finding husband;
13.01.2025;25;9571;0;commercial;text;;;;;announcement;
13.01.2025;26;9572;0;commercial;screenshot;repost;rtveuroagd;;;;
13.01.2025;27;9573;0;commercial;link;repost;rtveuroagd;;;;
13.01.2025;28;9574;0;commercial;text;;;;;announcement;
13.01.2025;29;9575;0;reply;screenshot;reply;baberrek;funny;;;
13.01.2025;30;9576;0;reply;screenshot;reply;piotr.rutkowski;funny;;;
13.01.2025;31;9577;1;john paul 2;video  ;original;;funny;;;
13.01.2025;32;9578;0;reply;screenshot;reply;baberrek;funny;;;
13.01.2025;33;9579;0;selfrefential;screenshot;repost;polsatofficial;funny;;;
13.01.2025;34;9580;1;nature;video with caption;repost;maurice_the_clam;inspiring;;monroe, maurice's brother;
13.01.2025;35;9581;0;sports,boxing,fury;screenshot;repost;przeglad;informative;;;
13.01.2025;36;9582;0;cats;video with caption;repost;swobodny_lot_komety;funny;;;
13.01.2025;37;9583;0;reply;screenshot;reply;fkadrze;funny;;;
13.01.2025;38;9584;0;news,politics,warsaw,russia;screenshot;repost;wirtualnapolska;shocking;;;
13.01.2025;39;9585;0;news,politics,warsaw,russia;screenshot;repost;wirtualnapolska;shocking;;;
13.01.2025;40;9586;0;news,politics,warsaw,russia;screenshot;repost;wirtualnapolska;shocking;;;
13.01.2025;41;9587;1;poland;photo with caption;original;;funny;;photo of cardboard box captioned Polska;
13.01.2025;42;9588;0;reply;screenshot;repost;wojtek_offduty;quirky;;;
13.01.2025;43;9589;0;nature,birds;video with caption;repost;michal.babinski;calming;;;
14.01.2025;1;9592;0;nature ;video with caption;repost;tanczacachmura;calming;;;
14.01.2025;2;9593;1;nature,weather,poland;macro;original;;funny;;;
14.01.2025;3;9594;0;nature ;photo;repost;highmom;picturesque;;;
14.01.2025;4;9595;0;nature;photo with caption;repost;sara.kopara;funny;;;
14.01.2025;5;9596;0;politics,russia,us;screenshot;repost;one_gram_of_happiness;shocking;;;
14.01.2025;6;9597;1;politics,russia,us;photoshop;original;;funny;;californians queuing to cherson;
14.01.2025;7;9600;1;winter;video  ;repost;unattributed;funny;;car sliding on icy road;
14.01.2025;8;9601;0;news,poland,medics;screenshot;repost;onet_pl;;;;
14.01.2025;9;9602;0;politics,poland,pis;video with caption;repost;praktycznieofinansach;funny;;recording of sasin in radiozet talking rubbish;
14.01.2025;10;9603;1;poland,army;macro;repost;kasjencja;funny;;expanding meme template with story of lost landmines in poland;
14.01.2025;11;9604;0;news,iceland,volcano;screenshot;repost;dawidgalinski;informative;;;
14.01.2025;12;9605;0;news,iceland,volcano;screenshot;repost;unattributed;informative;;;
14.01.2025;13;9606;0;celebrities,pitt;screenshot;repost;unattributed;shocking;;french interior designer helping brad pitt;
14.01.2025;14;9607;0;celebrities,pitt;screenshot;original;;funny;;commentary to pitt's selfie in surgery;
14.01.2025;15;9609;1;everydaylife;video with caption;repost;michal.babinski;funny;working classes;"kids making snowball, w caption ""Work on tuesday""";
14.01.2025;16;9610;0;reply;screenshot;reply;sosohanys;funny;;;
14.01.2025;17;9611;0;news,slovakia;video with caption;repost;saintjavelin;shocking;;;
14.01.2025;18;9612;0;news,slovakia;screenshot;repost;unattributed;shocking;conservatives;slovakian student refuse shake hands w president;
14.01.2025;19;9613;0;reply;screenshot;reply;kubiaktoja;funny;conservatives;comment to story #9606;
14.01.2025;20;9614;0;news,ukraine,war;screenshot;repost;marta.wu92;informative;;;
14.01.2025;21;9615;0;news,italy;screenshot;repost;felozaurus;shocking;;lazio's falconer dismissed after posting photos of his genitalia after surgery;
14.01.2025;22;9616;1;reply;macro;original;;funny;;"pun on ""bird"" w meme template";
14.01.2025;23;9617;0;nature,birds;video with caption;repost;unattributed;calming;;;
14.01.2025;24;9618;0;nature,birds;;;;;;;
14.01.2025;25;9619;1;pitt;photo with caption;original;;funny;;comment to story #9606;
14.01.2025;26;9620;1;pitt;macro;original;;funny;;"close up on pitts face w caption ""Jebne ibuprom i bedzie git""";
14.01.2025;27;9621;0;szczesny;screenshot;repost;wojciech.szczesny;informative;;commentary to szczesny's apologetic post;
14.01.2025;28;9622;0;news,celebrities;screenshot;repost;mar_c_in;shocking;;;
14.01.2025;29;9623;0;realestate;screenshot;repost;aluskonik;shocking;;;
14.01.2025;30;9624;0;reply;text;original;;funny;;;
14.01.2025;31;9625;1;everydaylife;macro;repost;mafwitkowska;funny;;frames from cunk on earth;
14.01.2025;32;9627;1;barcelona,lewandowski;macro;repost;ekstraklasatrolls;funny;football;lewandowski with raphinha and yamal;
14.01.2025;33;9628;1;politics,pis;screenshot;reply;arkadiuszmlynarczyk;funny;;slovakian student refuse shake hands w president and photo of polish protester not budging to kaczynski, caption Same vibe;
14.01.2025;34;9629;0;news,internet,russia;screenshot;repost;one_gram_of_happiness;informative;;;
14.01.2025;35;9630;0;reply;screenshot;reply;iam.noman.travel;shocking;;;
14.01.2025;36;9631;1;nature,boars,poland;video with caption;repost;rainbowwarrior88;funny;;boars wrecking snowmen in gdynia;
14.01.2025;37;9632;0;news,us,poland;screenshot;repost;Piotr Sankowski;informative;;;
14.01.2025;38;9633;0;news,us,poland;screenshot;repost;Piotr Sankowski;informative;us.politics;poland as second category counry for us;
14.01.2025;39;9634;0;news,us,poland;screenshot;repost;unattributed;informative;;;
14.01.2025;40;9635;0;reply;screenshot;reply;szwagierkolaska;funny;;;
14.01.2025;41;9636;1;everydaylife;video  ;repost;magda7lena;funny;poland;working in poland;
14.01.2025;42;9637;0;news,politics,warsaw,russia;screenshot;repost;wirtualnapolska;shocking;;;
14.01.2025;43;9638;1;weather,poland;photo with caption;repost;mr.wasyl;funny;;"picture of snowman with large penis caption ""Pewnie kazdy widzi z innej perspektywy, ja widze z okna balwana z chujem""";
14.01.2025;44;9639;0;nature;photo with caption;repost;aifowy;picturesque;;;
14.01.2025;45;9640;1;kowalski;screenshot;repost;Janusz Kowalski;funny;conservatives;kowalski's x post with ... and nothing else;
14.01.2025;46;9641;1;poland,army;screenshot;repost;kitty_z_satelity;funny;poland;meme about lost landmines;
14.01.2025;47;9642;0;reply;screenshot;reply;hedejcz;funny;;;
14.01.2025;48;9643;1;everydaylife;screenshot;repost;swobodny_lot_komety;funny;oldage;parties for 35+years old people;
14.01.2025;49;9644;0;nature,squirrels;video with caption;repost;piechovna;calming;;;
15.01.2025;1;9645;1;winter;video with caption;repost;jacob.acrobat;calming;;;
15.01.2025;2;9646;1;oldage;screenshot;repost;witkowski.witkowski;funny;oldage;;
15.01.2025;3;9647;0;nature,birds;screenshot;repost;weterynaria.okiem.technika;informative;;;
15.01.2025;4;9648;0;nature,birds;screenshot;repost;slowianska.wedrowniczka;informative;;;
15.01.2025;5;9649;1;politics,tv republika;screenshot;repost;smutniehistoriepisanenakacu;funny;;;
15.01.2025;6;9651;1;tv republika;screenshot;repost;bracki777;funny;conservatives;tv republika logo against russian flag, rynsztok instead of station name;
15.01.2025;7;9652;1;wosp,kaczynski;screenshot;original;;funny;conservatives;kaczynski holding wosp heart;
15.01.2025;8;9653;1;everydaylife,cookies;video with caption;repost;parafvibe;funny;;;
15.01.2025;9;9654;1;selfrefential;macro;repost;mr.wasyl;funny;;Ile kurwa over the photo of jakobe doing matrix trick;
15.01.2025;10;9655;1;news,us,poland;video with caption;repost;marc_in_ciesielski;funny;;strippers in poland;i don't know - screenshot of video
15.01.2025;11;9656;0;reply;screenshot;reply;karyna_never_mind;funny;;;
15.01.2025;12;9657;1;nature,raccoon;video with caption;repost;unattributed;funny;;raccoon being petted by human and having loads of fun;
15.01.2025;13;9658;1;oldage;video with caption;repost;halomatan;funny;oldage;housewarming party for 30yearolds;
15.01.2025;14;9659;1;celebrities,escobar;screenshot;repost;aviator_es;shocking;;escobar's plane turned into airbnb;
15.01.2025;15;9660;1;tv republika;screenshot;repost;ogladam_wiadomosci;funny;;more watched than netflix;
15.01.2025;16;9666;0;news;screenshot;repost;faktytvn;funny;;swieto dzbana (funny pun);
15.01.2025;17;9667;1;pis;photo;original;;funny;;"photo of Czarnek; reference to Dzban";
15.01.2025;18;9668;1;everydaylife;video with caption;repost;jasioo_mal;funny;;girl vaccuuming shop;
15.01.2025;19;9669;0;news,poland,trains;screenshot;repost;swobodny_lot_komety;shocking;;trains cancelled bad weather;
15.01.2025;20;9670;1;ai;video with caption;repost;grzesielloo;funny;;ai rendition of famous scientists;
15.01.2025;21;9671;0;news,barcelona;screenshot;repost;unattributed;;;;
15.01.2025;22;9672;1;barcelona,lewandowski;macro;original;;;football;lewandowski asking yamal what tournament theyre now playing;
15.01.2025;23;9673;1;poland,food;photo;repost;kominek_szymon;funny;;"""lazanki se zjedz"" sprayed on kfc sign";
15.01.2025;24;9674;1;everydaylife;screenshot;repost;bunio_bartosz;funny;working classes;job listing offering you salutation as perk;
15.01.2025;25;9675;0;wosp,cheesecake;screenshot;repost;unattributed;;;;
15.01.2025;26;9676;0;wosp,karpatka;screenshot;original;;;;;
15.01.2025;27;9677;0;reply;screenshot;reply;nad.i.pod.p.m;;;;
15.01.2025;28;9678;0;news,barcelona,szczesny;screenshot;repost;damn_you_nicky;;football;;
15.01.2025;29;9679;0;reply;screenshot;reply;michal.nyc;;;;
15.01.2025;30;9681;1;tv republika;photoshop;original;;quirky;conservatives;tv republika logo in neftlix font;
15.01.2025;31;9682;0;sports,tennis;video  ;repost;sun_catching;;conservatives;;
15.01.2025;32;9683;1;everydaylife;video with caption;repost;unattributed;funny;;a day in exotic country;
15.01.2025;33;9684;0;wosp,karpatka;screenshot;repost;madeleinesiv;funny;;reply to story #9676: making karpatka for wosp;
15.01.2025;34;9685;0;wosp,karpatka;screenshot;repost;unattributed;;;;
15.01.2025;35;9686;0;news,animals,poznan;screenshot;repost;damn_you_nicky;quirky;;toads living in trees;
15.01.2025;36;9688;0;nature;video  ;repost;zycie_piotrka;;;;
15.01.2025;37;9689;0;news,isreal;screenshot;repost;PAP;informative;;;
15.01.2025;38;9690;0;news,isreal,us;screenshot;repost;ndtv;informative;us.politics;;
15.01.2025;39;9691;0;news,isreal,us;screenshot;repost;gazetapl;informative;us.politics;;
15.01.2025;40;9692;0;news,poland,politics,konfederacja;screenshot;repost;radiotokfm;informative;;;
15.01.2025;41;9693;0;news,barcelona,szczesny;photo with caption;original;;;;;
15.01.2025;42;9694;1;everydaylife;video  ;repost;kacperecz3k;;;screenshot of video;
15.01.2025;43;9695;0;news,barcelona ;screenshot;repost;unattributed;;;;
15.01.2025;44;9696;0;nature,horses;video with caption;repost;tanczacachmura;calming;;;
16.01.2025;1;9697;1;weather,poland,winter;video with caption;repost;kosa.x;funny;;shovelling snow;
16.01.2025;2;9698;0;news,politics,braun,elections;screenshot;repost;unattributed;informative;;;
16.01.2025;3;9699;1;politics,mentzen,elections;video  ;original;;funny;;frame fom Blinded by lights;
16.01.2025;4;9700;0;reply;screenshot;reply;szwagierkolaska;funny;;;
16.01.2025;5;9701;1;everydaylife;screenshot;repost;steblikpl;quirky;;student writing thesis;
16.01.2025;6;9702;0;food,poland;screenshot;repost;tasteatlas;;;;
16.01.2025;7;9708;0;food,poland;screenshot;repost;tasteatlas;;;w commentary;
16.01.2025;8;9709;0;news,politics,mejza;screenshot;repost;wirtualnapolska;shocking;conservatives;;
16.01.2025;9;9710;0;winter,poland;screenshot;repost;marta.wu92;shocking;;chloride instead of salt on pavements;
16.01.2025;10;9711;1;politics,poland,braun,mentzen;photoshop;repost;unattributed;funny;conservatives;mentzen replies to news of braun in elections;
16.01.2025;11;9712;0;news,politics,konfederacja;screenshot;repost;nocnypingwin;shocking;conservatives;;
16.01.2025;12;9713;1;mejza;screenshot;repost;stocktonDiabel;funny;conservatives;photo of mejza in unusual clothes, comment suggesting all hogwarts will stand to protect him now;
16.01.2025;13;9714;1;nature,hens;video with caption;repost;ozzymanreviews;funny;;hens walking around muddy puddle;
16.01.2025;14;9715;0;news,wyspianski;;;;;;personal likes of jakobe;
16.01.2025;15;9717;1;dilemma;photoshop;original;;;arts;2 wolves within: one admires wyspianski, black loves hens crossing puddle;
16.01.2025;16;9718;0;news,exhibition,wyspianski;;;;;arts;;
16.01.2025;17;9719;1;everydaylife;photo with caption;repost;justyna.wrob;quirky;working classes;man in havayanas on bus stop;
16.01.2025;18;9720;1;everydaylife;macro;repost;tata.na.macierzynskim;funny;;disapppinted pakistani fan meme;
16.01.2025;19;9721;0;reply;photo with caption;repost;maciej_jedynak;informative;;comment to story #9715: wyspianski on delivery box in krakow;
16.01.2025;20;9722;1;everydaylife;screenshot;repost;dobrze.sie.sklada;funny;;men hid in hay bale;
16.01.2025;21;9723;0;news,politics,braun,konfederacja;screenshot;repost;unattributed;informative;conservatives;;
16.01.2025;22;9724;0;news,mentzen;screenshot;repost;polsatnews;informative;conservatives;;
16.01.2025;23;9725;1;mentzen,braun;video with caption;original;;funny;conservatives;video of knocking over table;
16.01.2025;24;9726;1;reply;screenshot;reply;velo_uria;funny;conservatives;house of paper frame below photos of men in hay bale;
16.01.2025;25;9727;0;news,morawiecki;screenshot;repost;rmf24.pl;informative;conservatives;morawiecki to lose imunity;
16.01.2025;26;9729;1;morawiecki;macro;original;;funny;conservatives;suggest morawiecki will flee to budapest;
16.01.2025;27;9730;0;stanowski,elections;screenshot;repost;Krzysztof Stanowski;informative;conservatives;;
16.01.2025;28;9731;1;mentzen ;video  ;original;;funny;conservatives;shots of mentzen with gary jules' mad world song;
16.01.2025;29;9732;1;everydaylife;photo with caption;unattributed;;funny;;ladder against climbing wall;
16.01.2025;30;9733;1;everydaylife;photo with caption;repost;swobodny_lot_komety;funny;;"photos of sticker on back of car: girl, vibrator,dog, cat (""Our family!)";
16.01.2025;31;9734;1;samozlo;video with caption;repost;konto.felkowe;quirky;;wujek samo zlo disses tede on tv republika;
16.01.2025;32;9735;1;samozlo;photo with caption;original;;funny;;polski eminem;
16.01.2025;33;9736;1;oldage;photo with caption;repost;czekaut;funny;;Me at work with people born after 2000: photo of one old lady, 70+ and one young, 20+;
16.01.2025;34;9737;0;news,politics,russia;screenshot;repost;janmencwel;;;;
16.01.2025;35;9738;1;poland,politics;screenshot;repost;dominika_ziolkowska;absurd;;news about broken sluice at baltic sea because of high water;
16.01.2025;36;9739;1;meta,lgpt;screenshot;repost;jakubidawid;shocking;bigtech;meta takes down post about lgpt flag facemasks;
16.01.2025;37;9740;0;meta,lgpt;screenshot;repost;jakubidawid;shocking;bigtech;meta takes down post about lgpt flag facemasks;
16.01.2025;38;9741;0;nature,dogs;video with caption;repost;frodo;calming;;;
16.01.2025;39;9742;1;polish;video with caption;repost;alexwoolley;funny;poland;ways of saying no in polish by a brit;
16.01.2025;40;9743;1;polish;video with caption;repost;alexwoolley;funny;poland;ways of saying you've messed up in polish by a brit;
16.01.2025;41;9744;1;reply;video with caption;repost;felozaurus;funny;;wujek samo zlo uses swearwords;
16.01.2025;42;9745;1;everydaylife;video with caption;repost;intr_c;funny;working classes;"dog walking funny, caption ""Thursday, 17:01""";
16.01.2025;43;9746;1;reply;screenshot;reply;piotr.mikolajski;funny;;reply to story #9733 about family with vibrator;
16.01.2025;44;9747;0;news,leak;screenshot;repost;piotr.mikolajski;informative;;;
16.01.2025;45;9748;1;profile;screenshot;repost;unattributed;absurd;;black man named marek grechuta;
16.01.2025;46;9749;1;nawrocki,elections;screenshot;repost;unattributed;absurd;conservatives;nawrocki as independent candidate;
16.01.2025;47;9750;0;nawrocki,elections;screenshot;repost;anna mierzynska;shocking;conservatives;evidence PiS pays of nawrocki's campaign on FB;
16.01.2025;48;9751;0;news,poland,ostrich,death;screenshot;repost;oko_press;shocking;;;
16.01.2025;49;9754;1;lynch;photo with caption;repost;unattributed;informative;arts;8 final frames of 8 film of lynch;
16.01.2025;50;9755;1;lynch;macro;repost;unattributed;funny;arts;goodbye to lynch, with meme;
16.01.2025;51;9756;1;trzaskowski,elections;video with caption;repost;unattributed;shocking;;trzaskowski and zenek martyniuk;
16.01.2025;52;9757;1;martyniuk;photo with caption;original;;shocking;;martyniuk supporting politicians of pis;
16.01.2025;53;9758;1;mentzen,braun;photoshop;repost;felozaurus;funny;conservatives;pun on braun: politician and electric razor, mentzen unshaved;
16.01.2025;54;9759;0;politics,konfederacja;screenshot;repost;lukasz najder;reasonable;;;
16.01.2025;55;9760;1;everydaylife;video with caption;repost;unattributed;funny;;doing magic to buy flat in 2025;
16.01.2025;56;9761;1;everydaylife;photo;repost;natkagie;funny;;cleaning house ad hung on windowless, old building;
16.01.2025;57;9762;1;lynch;photo;reply;her.feather;moving;;"photo from lynch's straight story captioned ""Diane, January 16th. Entering the town of Eternity""";
16.01.2025;58;9763;0;nature,mountains;photo with caption;repost;okiem_kociary;picturesque;;;
17.01.2025;1;9764;1;everydaylife,weekend;video with caption;repost;unattributed;funny;;old gramophone and music by the prodigy;
17.01.2025;2;9765;1;everydaylife;photo with caption;repost;szfindel;quirky;;car parked vertically;
17.01.2025;3;9766;0;lynch;screenshot;repost;jakubzulczyk;;arts;;
17.01.2025;4;9767;1;lynch;macro;repost;unattributed;funny;arts;Lynch saying I'm wearing dark glasses today...;
17.01.2025;5;9768;0;politics,poland ;screenshot;repost;chillidog_and_pepper;;conservatives;;
17.01.2025;6;9769;1;politics ;macro;original;;funny;politics;Officials launching transparent, competence-based competition for job, 1 serious face and 2 smiling face blurry in background;
17.01.2025;7;9770;1;everydaylife,pizza;video with caption;repost;unattributed;;;video of making pizza;
17.01.2025;8;9771;1;news;macro;repost;unattributed;funny;conservatives;rambo shooting gun: Screens of social media comments with vulgarities;
17.01.2025;9;9772;1;reply;screenshot;reply;kierownik_szatni;funny;;"reply to story #9770 with comment that nobody is going to ""eat this shit anyway""";
17.01.2025;10;9773;0;news,animals;screenshot;repost;radiogdansk;;;;
17.01.2025;11;9775;0;news,animals;screenshot;repost;radiogdansk;;;ctd;
17.01.2025;12;9776;0;news,starship;video with caption;repost;kaszebe;;bigtech;;
17.01.2025;13;9777;0;news,starship;video with caption;repost;kaszebe;;bigtech;starship crashed in atmosphere;
17.01.2025;14;9778;1;mentzen ;video with caption;repost;diving_devops;funny;conservatives;mentzen fined for wrong parking;
17.01.2025;15;9779;1;mentzen ;photo with caption;original;;;conservatives;diss of mentzen driving bmw;
17.01.2025;16;9780;0;braun,elections;screenshot;repost;witkowski.witkowski;shocking;conservatives;;
17.01.2025;17;9781;1;elections,poland;photo with caption;repost;unattributed;funny;;wrong name in the caption of politician on screen;
17.01.2025;18;9782;1;szczecin;photo with caption;repost;simplex_puer;;poland;szczecin in dense fog;
17.01.2025;19;9783;1;braun,szczecin;macro;original;;funny;poland;pic of szczecin with braun holding extinguisher;
17.01.2025;20;9784;1;jan pawel 2;photoshop;repost;jasiooo_mal;;;;
17.01.2025;21;9785;0;mentzen;screenshot;repost;radio_zet;shocking;conservatives;mentzen sued for using swiatek photo;
17.01.2025;22;9786;0;news,tennis,swiatek;screenshot;repost;unattributed;informative;;;
17.01.2025;23;9787;1;everydaylife,job;screenshot;repost;palomolka;funny;;job listing from burial house;
17.01.2025;24;9788;0;news,animals;link;repost;unattributed;;;;
17.01.2025;25;9789;0;nature;photo with caption;repost;dania_kontra_ania;;;;
17.01.2025;26;9790;0;reply;screenshot;reply;alicja_pulkownik;funny;;reply to story # 9789;
17.01.2025;27;9791;1;selfreferential;video with caption;repost;unattributed;;;reply to reply #9790;
17.01.2025;28;9792;0;news,animals;screenshot;repost;unattributed;inspiring;;MLH linking crowdsourcing campaign to fund damaged animal shelter;
17.01.2025;29;9793;1;squirrel;video with caption;repost;fotopulapki;funny;;;
17.01.2025;30;9794;0;news,poland,rape;screenshot;repost;tvp3warszawa;informative;;;
17.01.2025;31;9795;0;morawiecki;screenshot;repost;rmf24.pl;informative;conservatives;giving up imunity;
17.01.2025;32;9796;1;trzaskowski,elections;video with caption;repost;bajtlerosss;funny;;zenon martyniuk song;
17.01.2025;33;9797;1;everydaylife,job;video with caption;repost;_s___o;funny;;wild horses on meadow w caption Friday 17:01;
17.01.2025;34;9798;0;news,animals;screenshot;repost;unattributed;inspiring;;MLH linking crowdsourcing campaign to fund damaged animal shelter, success;
17.01.2025;35;9799;1;pizza;video with caption;repost;pysznieczyniepysznie;funny;;"video of pizza w caption ""And piza for everyone""";
17.01.2025;36;9800;1;politics,poland,tusk;video with music;repost;unattributed;funny;;video of tusk shaking hands of politicians to tune of reni jusis' zakrecona;
17.01.2025;37;9801;1;squirrel;video with caption;repost;dropsthedogfanpage;calming;;squirrel sleeping, twin peaks theme tune;
18.01.2025;1;9802;1;reply;screenshot;reply;kayseri11;funny;;"reply to #9799 saying ""not for everyone, there's no havaian pizza""";
18.01.2025;2;9803;1;parrot,morning;video ;repost;unattributed;funny;;funny parrot waking one up;
18.01.2025;3;9804;0;news,animals;screenshot;repost;unattributed;inspiring;;MLH linking crowdsourcing campaign to fund damaged animal shelter, success;
18.01.2025;4;9805;1;news,tennis,swiatek;video with caption;repost;unattributed;funny;tennis;swiatek win match, video of her dusting specks off of her shoulders;
18.01.2025;5;9806;1;swiatek;video with caption;repost;unattributed;funny;tennis;meme recording of train go thru station really fast;
18.01.2025;6;9807;1;animals;video with caption;repost;logansmithguy;funny;;some funny animal jumping around in snow, w caption Hopping into weekend;
18.01.2025;7;9808;0;martyniuk;photoshop;repost;unattributed;funny;conservatives;series of screenshot of conservative peoples reaction to martyniuk support trzaskowski and wosp;
18.01.2025;8;9809;1;martyniuk,politics;photoshop;repost;piotrek_krs;funny;conservatives;facemash of martyniuk and tusk;
18.01.2025;9;9810;1;martyniuk,politics;screenshot;repost;unattributed;funny;conservatives;kurska's reaction to martyniuk;
18.01.2025;10;9811;1;animals,dogs;screenshot;repost;mroux.jpg;funny;;depressed dog approach human who says its beautiful;
18.01.2025;11;9812;0;news,granade;screenshot;repost;rmf24.pl;funny;poland;granade found in potatoes;
18.01.2025;12;9813;1;celebrities;screenshot;repost;ninanaen;funny;;day in life of jakimowicz acc to pudelek;
18.01.2025;13;9815;1;celebrities;photo with caption;original;;funny;;"reply to #9815: photo of warsaw bus w caption ""car for 1,2 mln""";
18.01.2025;14;9816;1;politics,poland,pis;screenshot;repost;szymon.jadczak;funny;conservatives;scandal: wasting money on phoney memorabilia;
18.01.2025;15;9817;1;lynch;screenshot;repost;oleksynolka;funny;arts;series of drawings commemorating lynch;
18.01.2025;16;9818;0;nature;video with caption;repost;miszmasz_pp;calming;;;
18.01.2025;17;9819;1;selfreferential;screenshot;repost;allegro;funny;food;reference to vinegar crisps, favourite of Jakobe;
18.01.2025;18;9820;1;reply;screenshot;reply;oloniusz;funny;;reply to #9819 w caption forbidden in scrabble because vulgar;
18.01.2025;19;9821;1;musk;screenshot;repost;elon musk;shocking;bigtech;make europe great again;
18.01.2025;20;9822;1;everydaylife,job;screenshot;repost;jasiooo_mal;funny;;actresses dressed as shrek characters smoking cigarettes, tired, sad;
18.01.2025;21;9823;1;musk;screenshot;repost;monox.fotografia;funny;bigtech;reply to musk's mega;
18.01.2025;22;9824;1;politics;video with caption;repost;unattributed;shocking;poland;video shots of political rallies in 2010, to suggest its unreal(istic) because politics changed so much;
18.01.2025;23;9825;1;ai;photoshop;repost;drzejek;shocking;bigtech;warning against fake ai posts and profiles on fb;
18.01.2025;24;9826;1;ai;photoshop;repost;drzejek;shocking;bigtech;warning against fake ai posts and profiles on fb, more examples;
18.01.2025;25;9828;0;ai;screenshot;repost;adrian domanski;shocking;bigtech;explanation and context;
18.01.2025;26;9830;1;ai;screenshot;reply;sosohanys;funny;bigtech;reference to jamnikowo gate as case against ai fakes;
18.01.2025;27;9831;1;trzaskowski,elections;macro;repost;edytaplant;funny;;trzaskowski in shop criticising tusk;
18.01.2025;28;9833;1;mentzen,braun,elections;macro;repost;bosieporycze;funny;conservatives;2 pics of cheesecake with raisin w caption Choice between Mentzen and Braun;
18.01.2025;29;9834;1;cat,weekend;video with caption;repost;loveyoustepan;funny;;cat chilling in bed;
18.01.2025;30;9835;1;quiz;photoshop;repost;maksolchowy;quirky;;;
18.01.2025;31;9836;1;weekend;video with caption;repost;bulsjarz;funny;;ordering pizza on saturday;
18.01.2025;32;9837;1;elections,lis;video with caption;repost;mama.meli.89;quirky;conservatives;lis' take on elections;
18.01.2025;33;9838;0;oldage;screenshot;repost;miejscawewroclawiu;moving;;old man looking for chess partner;
18.01.2025;34;9839;1;birds;video with caption;repost;zefiro82;calming;;bird murmuration for goodnight;
19.01.2025;1;9840;1;tiktok,us;screenshot;repost;unattributed;shocking;;tiktok ban in us;
19.01.2025;2;9846;1;tiktok,us;video with caption;repost;erenfromtargets;funny;;photoshopped video of dances at mcdonalds to celebrate ban;
19.01.2025;3;9847;1;tiktok,us;macro;original;;funny;;us government watching people download vpns;
19.01.2025;4;9848;1;tiktok,us;video with caption;original;;funny;;donkey slowly munching food w caption Waiting for EU ban on TikTok;
19.01.2025;5;9849;0;news, animal;screenshot;repost;osp zblewo;;;;
19.01.2025;6;9850;1;animals ;macro;original;;;;nagroda fafika;
19.01.2025;7;9851;1;dogs;video with caption;repost;mosguco;funny;;"dogs splashing in dirty puddle w caption ""Entering Sunday""";
19.01.2025;8;9852;0;news,trump,crypto;screenshot;repost;bbc;shocking;;trump release own crypto before inauguration;
19.01.2025;9;9853;0;news,trump ;screenshot;repost;pawel zuchowski;informative;;;
19.01.2025;10;9854;0;news,trump ;screenshot;repost;pawel zuchowski;informative;;;
19.01.2025;11;9855;0;news,trump ;screenshot;repost;pawel zuchowski;informative;;poles reactions to trump policy on migrants;
19.01.2025;12;9856;1;trump,poland;macro;original;;funny;;clown makeup meme with poles disappointed w trump;
19.01.2025;13;9857;1;everydaylife;screenshot;repost;ide.na.rower;funny;;maslometr;
19.01.2025;14;9858;0;animals ;screenshot;repost;teamlitewka;shocking;;animal cruelty;
19.01.2025;15;9859;0;news,isreal;screenshot;repost;onet_pl;informative;;ceasefire;
19.01.2025;16;9860;0;tv republika;photo with caption;original;;;;;
19.01.2025;17;9861;1;news,granade;screenshot;repost;one_gram_of_happiness;shocking;;;
19.01.2025;18;9862;1;everydaylife;video with caption;repost;unattributed;;;popcorn day;
19.01.2025;19;9863;1;church,poland;video with caption;repost;felozaurus;shocking;church;priest swearing at dog;
19.01.2025;20;9864;1;church,poland;photo with caption;original;;funny;church;;
19.01.2025;21;9865;0;news,trump;photo with caption;repost;unattributed;informative;us.politics;trump watching fireworks;
19.01.2025;22;9866;1;trump,volcano;video with caption;repost;piotr_klejne;funny;;watching volcano;
19.01.2025;23;9867;0;tiktok,us;screenshot;repost;washington times;informative;;;
19.01.2025;24;9868;1;tiktok,us;video with caption;repost;sarcasm_only;funny;;tip on downloading vpn to use tiktok in us;
19.01.2025;25;9869;1;church,poland;macro;original;;funny;;;
19.01.2025;26;9871;1;mentzen,braun,elections;screenshot;repost;prince_of_hayastan;funny;conservatives;braun slam mentzen for non-polish name;
19.01.2025;27;9872;1;everydaylife;screenshot;repost;lakwlo;funny;poland;message from maslometr;
19.01.2025;28;9873;0;everydaylife;screenshot;repost;uce research;informative;poland;price rises;
19.01.2025;29;9874;0;news,poland;screenshot;repost;one_gram_of_happiness;informative;;;
19.01.2025;30;9875;1;ai,weekend;screenshot;repost;aetherelf;quirky;;quirky animal w caption When you were hoping for uneventful sunday;
19.01.2025;31;9876;0;selfreferential;text;original;;;;explaining ai;
19.01.2025;32;9877;0;trump,crypto;screenshot;repost;unattributed;shocking;us.politics;rising prices of trump coin;
19.01.2025;33;9878;1;poland;photo with caption;repost;dominatorc;funny;poland;solar panel on block;
19.01.2025;34;9879;1;poland;photo with caption;repost;marta.wu92;funny;poland;solar panel on block;
19.01.2025;35;9880;1;tiktok,us;screenshot;repost;wccftech;shocking;us.politics;kids calling 911 and saying they love TikTok;
19.01.2025;36;9881;0;tiktok,us;screenshot;repost;reuters;;us.politics;;
19.01.2025;37;9882;1;tiktok,us;screenshot;repost;donald trump;funny;us.politics;Save TikTok!;
19.01.2025;38;9883;1;eurovision,molodova;video with caption;repost;felozaurus;quirky;us.politics;old moldovan trying 7th time to qualify for eurovision;
19.01.2025;39;9884;1;eurovision,molodova;video with caption;repost;felozaurus;quirky;us.politics;old moldovan trying 7th time to qualify for eurovision;
19.01.2025;40;9885;0;news,pizza;screenshot;repost;piechocinski;funny;;;
19.01.2025;41;9886;1;mentzen ;macro;repost;nocnypingwin;funny;conservatives;bosak fantasy to join elections;
19.01.2025;42;9887;0;news,poland,smog;screenshot;repost;onet_pl;informative;poland;;
19.01.2025;43;9888;0;news,poland ;screenshot;repost;felozaurus;shocking;;;
19.01.2025;44;9889;0;news,animals;screenshot;repost;rmf24.pl;shocking;;;
19.01.2025;45;9890;1;everydaylife;screenshot;repost;poprostudamian_;quirky;football;legia grafitti on cyprus;
19.01.2025;46;9891;0;news,sports,handball;;;;;;;
19.01.2025;47;9892;1;everydaylife;screenshot;repost;Zary spotted;funny;;picture of cake ;
19.01.2025;48;9893;1;everydaylife;macro;original;;funny;;same picture of cake turned into macro;
19.01.2025;49;9894;1;animals;video with caption;repost;3majkatarzyna;funny;;dog and cat sitting by fire;
19.01.2025;50;9895;1;everydaylife;macro;original;;funny;;same dog and cat w captin When mom said you must make up;
19.01.2025;51;9896;0;tiktok,us;screenshot;repost;PAP;informative;;;
19.01.2025;52;9897;1;trump;video with caption;repost;magdalenadav;funny;;;
19.01.2025;53;9898;1;selfreferential;screenshot;repost;debcowna;funny;;screen from sims when player choose joke type, one being toilet jokes;
19.01.2025;54;9899;1;weather;photo with caption;repost;scianizm;funny;;grafitti Miss the spring, w caption Mood;
19.01.2025;55;9900;0;selfreferential;text;;;;;;
19.01.2025;56;9901;1;tiktok,us;macro;original;;funny;;picture of jesus w caption Resurected first day, tiktok logo for face;
19.01.2025;57;9902;0;nature;video with caption;repost;world.is.my.office;calming;;northern lights;
19.01.2025;58;9903;0;nature;video with caption;repost;krzysztof_kardasz;calming;;northern lights;
20.01.2025;1;9904;1;tiktok,us;screenshot;repost;allllislost;funny;;text with can they shut down teams instead of tiktok;
20.01.2025;2;9905;1;cat;video with caption;repost;unattributed;funny;;cat video with carmina burana music w caption Entering monday;
20.01.2025;3;9906;1;bluemonday;photo with caption;original;;informative;;;
20.01.2025;4;9907;1;melania,crypto;screenshot;repost;melania trump;shocking;us.politics;;
20.01.2025;5;9908;0;news,trump,crypto;screenshot;repost;unattributed;shocking;us.politics;trump coin down and up;
20.01.2025;6;9914;1;duda;screenshot;repost;unattributed;funny;conservatives;fictitious messenger conversation between duda and wife;
20.01.2025;7;9915;1;bedrotting;screenshot;repost;felozaurus;informative;oldage;bedrotting trend;
20.01.2025;8;9916;1;bedrotting;macro;original;;funny;oldage;4 pictures of cat in bed w caption about living life to full;
20.01.2025;9;9917;1;poland,elections;photo with caption;original;;funny;poland;president cheese for president;
20.01.2025;10;9918;1;everydaylife;photo with caption;original;;funny;;fridge full of cheeses;
20.01.2025;11;9919;1;everydaylife, monday;video with caption;repost;jasioo_mal;funny;;video od rat;
20.01.2025;12;9920;1;morawiecki;video with caption;repost;unattributed;shocking;;morawiecki in us;
20.01.2025;13;9921;1;sasin;photo with caption;original;;funny;;sasin as probable manager of morawieckis trip;
20.01.2025;14;9922;1;trump,crypto;video with caption;repost;karl_ju;funny;;2 guys in jewellery in expensive car;
20.01.2025;15;9923;1;us;video with caption;repost;xnicole.alex;;;;
20.01.2025;16;9924;0;swiatek;photo with caption;original;;informative;tennis;;
20.01.2025;17;9925;1;swiatek;video with caption;original;;funny;tennis;fast train=swiatek;
20.01.2025;18;9926;1;swiatek;macro;original;;funny;tennis;couchpotato: diss swiatek for losing one game;
20.01.2025;19;9927;1;selfreferential;photo with caption;repost;m.bobrowska et al.;funny;;followers sending info about methods of treating shrunk garments;
20.01.2025;20;9928;0;trump;screenshot;repost;anns0nek;shocking;us.politics;trump thank elon for victory;
20.01.2025;21;9929;1;trump;macro;original;;shocking;us.politics;reply to trump thank elon;
20.01.2025;22;9930;1;trump;macro;repost;korpobiurw;funny;us.politics;rat whisper to cat;
20.01.2025;23;9931;0;news,czarnek,us;photo with caption;repost;unattributed;;conservatives;;
20.01.2025;24;9932;1;news,czarnek,us;photo with caption;original;;funny;conservatives;mocking;
20.01.2025;25;9933;1;news,czarnek,us;photo with caption;original;;funny;conservatives;mocking;
20.01.2025;26;9934;0;news,musk,poland;screenshot;repost;gazeta_wyborcza;shocking;;;
20.01.2025;27;9935;1;news,musk,poland;macro;original; ;funny;;good illustration;
20.01.2025;28;9938;1;church,poland;screenshot;repost;unattributed;shocking;church;;
20.01.2025;29;9939;1;church,poland;macro;original;;funny;church;;
20.01.2025;30;9940;1;morawiecki,inauguration;macro;repost;kacperkubiak83;funny;conservatives;photo of man drilling into a wall and making big hole, w caption morawiecki entering inauguration;
20.01.2025;31;9941;0;news,poland,elections;screenshot;repost;unattributed;informative;;senyszyn joins race;
20.01.2025;32;9942;1;morawiecki,inauguration;video with caption;repost;winatuska1;funny;conservatives;;
20.01.2025;33;9943;0;everydaylife;screenshot;repost;zajc3w;inspiring;;MLH community;
20.01.2025;34;9944;0;birds;video with caption;repost;imaginesummerdragons;calming;;;
20.01.2025;35;9945;1;nawrocki,elections;video with caption;repost;pangiryk;funny;conservatives;boxing training;
20.01.2025;36;9946;0;nawrocki,elections;screenshot;repost;wirtualnapolska;shocking;conservatives;;
20.01.2025;37;9947;1;nawrocki,elections;macro;original;;funny;conservatives;;
20.01.2025;38;9948;1;monday;video with caption;repost;jasioo_mal;funny;;cake breaking apart;
20.01.2025;39;9949;0;news,us;screenshot;repost;rzeczpospolita;informative;;;
20.01.2025;40;9951;1;morawiecki,inauguration;video with caption;repost;unattributed;funny;conservatives;;
20.01.2025;41;9952;1;animals,monday;video with caption;repost;_frodo;calming;;;
20.01.2025;42;9953;0;news,trump,president;photo with caption;original;;;us.politics;;
20.01.2025;43;9954;1;news,trump,president;macro;original;;funny;us.politics;frame from lord of the rings before attack of orks;
20.01.2025;44;9955;0;trump,melania;screenshot;repost;unattributed;shocking;us.politics;;
20.01.2025;45;9956;1;trump,melania;screenshot;original; ;funny;us.politics;trump kiss melania at distance;
20.01.2025;46;9957;1;trump,melania;screenshot;original; ;funny;us.politics;trump kiss melania at distance, close up;
20.01.2025;47;9958;1;trump,melania,rickroll;screenshot;original; ;funny;us.politics;trump kiss melania at distance, close up;
20.01.2025;48;9959;1;news,trump,president;photo with caption;repost;unattributed;;us.politics;tech lords at inauguration;
20.01.2025;49;9960;1;oligarchy;screenshot;repost;unattributed;;us.politics;surge in What is oligarchy on google;
20.01.2025;50;9961;1;trump,melania;photo with caption;repost;m.bies;funny;us.politics;jim carey's mask and melania's hat;
20.01.2025;51;9962;1;trump,melania;photoshop;original; ;funny;us.politics;melania as zorro;
20.01.2025;52;9963;1;trump,melania;photo with caption;original; ;funny;us.politics;bufor space;
20.01.2025;53;9964;1;trump,melania;macro;original; ;funny;us.politics;kazimierz przerwa tetmajer;
20.01.2025;54;9965;1;trump,rachon;photo with caption;original;;funny;us.politics;;
20.01.2025;55;9966;1;inauguration;photo with caption;original;;funny;us.politics;zuckerberg;
20.01.2025;56;9967;1;inauguration;photo with caption;original;;funny;us.politics;zuckerberg looking at breasts;
20.01.2025;57;9968;1;trump,melania;photo with caption;repost;cessarius;funny;us.politics;frame from klan;
20.01.2025;58;9969;1;trump,melania;photoshop;repost;felozaurus;funny;us.politics;melania's hut and pizza hut;
20.01.2025;59;9970;0;inauguration;text;original;;informative;us.politics;trump priorities;
20.01.2025;60;9971;1;trump;macro;repost;zespolbrauna;funny;us.politics;trump's policy on migration, meet with native american chief;
20.01.2025;61;9972;1;melania;macro;repost;felozaurus;funny;us.politics;;
20.01.2025;62;9973;0;news,poland ;;;;;;;
20.01.2025;63;9974;1;melania;photoshop;original;;funny;us.politics;hat;
20.01.2025;64;9975;1;morawiecki,inauguration;video with caption;repost;demode_photojournalism;funny;conservatives;;
20.01.2025;65;9976;1;trump,rachon;photo with caption;original;;funny;conservatives;;
20.01.2025;66;9977;0;news,trump,uk;;;;;conservatives;;
20.01.2025;67;9978;0;inauguration;screenshot;repost;npr;shocking;us.politics;snoop dogg;
20.01.2025;68;9979;1;duda,inauguration;screenshot;repost;wprost;funny;conservatives;;
20.01.2025;69;9980;1;duda,inauguration;photoshop;original;;funny;conservatives;;
20.01.2025;70;9982;0;everydaylife;video with caption;repost;jasiooo_mal;calming;;;
20.01.2025;71;9983;1;poland;macro;repost;jasiooo_mal;funny;;ogórale: mountain people with pickles instead of heads;
20.01.2025;72;9984;1;poland;video with caption;repost;jordan_z_karkonoszy;funny;;video about not to wear for mountain trips;
20.01.2025;73;9985;1;inauguration;screenshot;reply;j_s.700;funny;us.politics;joke about zuckerberg looking at breasts;
20.01.2025;74;9986;1;musk,heil;screenshot;original;;shocking;us.politics;;
20.01.2025;75;9987;1;musk,heil;screenshot;original;;;us.politics;;
20.01.2025;76;9988;0;musk,heil;screenshot;original;;;us.politics;trumps behaviour at inauguration;
20.01.2025;77;9989;1;musk ;photoshop;original;;funny;us.politics;facemash of mask and mastalerek;
20.01.2025;78;9990;1;cat;video with caption;repost;unattributed;funny;;cat with head in slipper w caption MLH after all day with elon and trump;
20.01.2025;79;9991;1;pandas;video with caption;repost;natbao.graphic;calming;;;
21.01.2025;1;9992;1;dog;video with caption;repost;;funny;;;
21.01.2025;2;9993;0;news,grandmaday;;;;;;;
21.01.2025;3;9994;0;trump,inauguration;;;;;us.politics;senator john fetterman;
21.01.2025;4;9995;1;trump,inauguration;screenshot;repost;kosciolowskiprzemek;funny;us.politics;;
21.01.2025;5;9996;1;trump,inauguration;photo with caption;original;;funny;us.politics;;
21.01.2025;6;9997;0;news,us;;;;;;;
21.01.2025;7;9998;1;trump;macro;original;;;community;;
21.01.2025;8;9999;1;bialystok;screenshot;repost;gairview;moving;;;
21.01.2025;9;1;0;trump;;;;;us.politics;;
21.01.2025;10;2;1;morawiecki,inauguration;video with caption;original;;funny;pis;;
21.01.2025;11;3;1;trump;video with caption;repost;swobodny_lot_komety;quirky;us.politics;hard to estimate: its a screenshot of a video;
21.01.2025;12;4;1;melania;photo with caption;repost;Stef Hertens;funny;us.politics;;
21.01.2025;13;5;1;everydaylife;video with caption;repost;the veritas;quirky;church;;
21.01.2025;14;6;0;everydaylife;;;;;;;
21.01.2025;15;7;1;everydaylife;photo with caption;original;;funny;working classes;"reply to #0006; fears of financial situation of current 40-year-olds after retirement";
21.01.2025;16;8;1;morawiecki,inauguration;photo with caption;repost;igor.pomidor;funny;;selfreferential;
21.01.2025;17;9;1;morawiecki,inauguration;photoshop;repost;deepsbluesea;funny;pis;;
21.01.2025;18;10;0;news,church,poland;;;;;church;;
21.01.2025;19;11;1;church;photoshop;original;;funny;church;;
21.01.2025;20;17;1;trump,melania;photoshop;original;;funny;us.politics;;
21.01.2025;21;18;1;musk,heil;screenshot;repost;smutnehistoriepisanenakacu;funny;us.politics;;
21.01.2025;22;20;1;everydaylife;screenshot;repost;magazynprzekroj;funny;;;
21.01.2025;23;21;0;everydaylife;;;;;;;
21.01.2025;24;22;1;news,pis;screenshot;repost;sikorski;funny;pis;;
21.01.2025;25;23;1;everydaylife;screenshot;repost;felozaurus;insipring;;;
21.01.2025;26;24;1;beaver;screenshot;repost;dolar_na_szlaku;quirky;community;;
21.01.2025;27;25;0;news,weather;;;;;;;
21.01.2025;28;26;1;trump;macro;original;;funny;;reply to #0025;
21.01.2025;29;27;1;musk,heil;photoshop;repost;unattributed;funny;;;
21.01.2025;30;28;1;news,trump;screenshot;repost;whitehouse.gov;shocking;us.politics;"""Go Home"" on spanish-language version of white house website";
21.01.2025;31;29;0;news,turkey;;;;;;;
21.01.2025;32;30;0;trump;;;;;;;
21.01.2025;33;31;1;melania;photoshop;repost;old_me_better;funny;us.politics;;
21.01.2025;34;32;0;;text;;;;;;
21.01.2025;35;33;1;maklowicz;photo with caption;original;;funny;community;;
21.01.2025;36;34;0;trump,kaczynski;screenshot;repost;pap;informative;;;
21.01.2025;37;35;1;musk,heil;photo with caption;original;;funny;us.politics;;
21.01.2025;38;36;1;musk,heil;photo with caption;original;;funny;us.politics;"""SOOO much snow in Houston""";
21.01.2025;39;37;1;news,trump;screenshot;repost;whitehouse.gov;shocking;us.politics;"""Go Home"" on spanish-language version of white house website changed to ""Go to home page""";
21.01.2025;40;38;1;musk;screenshot;repost;interia_codziennie;shocking;us.politics;;
21.01.2025;41;39;0;gdansk;photos ;repost;szary czlowiek w kolorze;;;;
21.01.2025;42;40;1;meta;screenshot;repost;bbc;shocking;us.politics;Meta blocking Democrats in search;
21.01.2025;43;41;1;meta;macro;original;;funny;us.politics;;
21.01.2025;44;42;0;barcelona;;;;;;;
21.01.2025;45;43;0;barcelona;;;;;;;
21.01.2025;46;44;0;barcelona;;;;;;;
21.01.2025;47;45;0;elections,stanowski;photo with caption;original;;informative;;;
21.01.2025;48;46;0;barcelona;;;;;;;
21.01.2025;49;47;0;barcelona;;;;;;;
21.01.2025;50;48;1;szczesny;photo with caption;original;;funny;;szczesny smoking several cigarettes at the same time;
21.01.2025;51;49;1;trump;screenshot;repost;X profile;funny;;;
21.01.2025;52;50;1;trump;screenshot;repost;pawel zuchowski;informative;;;
21.01.2025;53;51;1;trump;screenshot;repost;unattributed;funny;;;
21.01.2025;54;52;0;barcelona;;;;;;;
21.01.2025;55;53;0;barcelona;;;;;;;
21.01.2025;56;54;0;barcelona;;;;;;;
21.01.2025;57;55;0;barcelona;;;;;;;
21.01.2025;58;56;0;barcelona;;;;;;;
21.01.2025;59;57;0;barcelona;;;;;;;
21.01.2025;60;58;1;szczesny;photo with caption;original;;funny;;szczesny smoking several cigarettes at the same time;
21.01.2025;61;59;0;barcelona;;;;;;;
21.01.2025;62;60;0;barcelona;;;;;;;
21.01.2025;63;61;1;szczesny;photo with caption;original;;funny;;;
21.01.2025;64;62;0;barcelona;;;;;;;
21.01.2025;65;63;1;barcelona;video;repost;adam.tracz;funny;;;
21.01.2025;66;64;1;nature;video;repost;grzwcho;calming;;;
22.01.2025;1;65;0;swiatek;;;;;;;
22.01.2025;2;66;1;swiatek;macro;original;;funny;;how fast swiatek wins matches;
22.01.2025;3;67;1;barcelona;macro;repost;pastylka;funny;;barcelona's victory like superman's;
22.01.2025;4;68;0;grandmasday;;;;;;;
22.01.2025;5;70;0;granddadday;;;;;;;
22.01.2025;6;71;1;everydaylife;screenshot;repost;raczkowski;funny;;granddad day;
22.01.2025;7;72;1;everydaylife;screenshot;repost;unattributed;funny;;granddad day;
22.01.2025;8;74;1;everydaylife;video with caption;repost;ascentcollective;funny;;;
22.01.2025;9;75;0;lesmian;;;;;;;
22.01.2025;10;76;0;poetry;;;;;community;;
22.01.2025;11;77;0;announcement;text;;;;;;
22.01.2025;12;78;0;wosp;screenshot;;;;;;
22.01.2025;13;79;0;wosp;;;;;;;
22.01.2025;14;80;1;selfreferential;screenshot;froggy_jedi;;funny;;;
22.01.2025;15;81;1;selfreferential;screenshot;unattributed;;funny;community;;
22.01.2025;16;82;1;selfreferential;screenshot;unattributed;;funny;community;;
22.01.2025;17;83;1;selfreferential;screenshot;unattributed;;funny;community;;
22.01.2025;18;84;1;selfreferential;macro;original;;funny;;;
22.01.2025;19;85;1;selfreferential;screenshot;unattributed;;funny;community;;
22.01.2025;20;86;0;news,us;;;;;us.politics;;
22.01.2025;21;87;1;meta;macro;original;;funny;us.politics;;
22.01.2025;22;88;1;everydaylife;screenshot;bartoszkoniuto;;funny;;granddad day;
22.01.2025;23;89;0;selfreferential;;;;;;;
22.01.2025;24;90;1;nature;video with caption;clydesdalesonthecroft;;calming;;;
22.01.2025;25;91;1;selfreferential;screenshot;unattributed;;funny;community;;
22.01.2025;26;92;1;ai;video with caption;repost;wilniewicz;quirky;;;
22.01.2025;27;93;0;news,us;;;;;;;
22.01.2025;28;94;1;ai;screenshot;repost;p_o_s_k_a;;;;
22.01.2025;29;95;0;news;;;;quirky;;;
22.01.2025;30;96;0;news,us;;;;shocking;;;
22.01.2025;31;97;1;rats;macro;original;;informative;;reply to #0096;
22.01.2025;32;98;0;tiktok;;;;informative;us.politics;;
22.01.2025;33;99;0;denmark;;;;shocking;us.politics;;
22.01.2025;34;100;0;denmark;;;;;;;
22.01.2025;35;101;0;denmark;;;;;;;
22.01.2025;36;102;0;denmark;;;;;;;
22.01.2025;37;103;0;commercial;text;;;;;announcement;
22.01.2025;38;104;0;commercial;video with caption;repost;allegropl;;;auction;
22.01.2025;39;105;0;commercial;text;;;;;announcement;
22.01.2025;40;106;0;poland,trains;;;;;;;
22.01.2025;41;107;0;selfreferential;;;;;;;
22.01.2025;42;108;0;baczynski;;;;;community;;
22.01.2025;43;109;0;football;;;;;;;
22.01.2025;44;110;0;football;;;;;;;
22.01.2025;45;111;0;football;;;;;;;
22.01.2025;46;112;0;dogs;;;;;;;
22.01.2025;47;113;0;selfreferential;text;;;;;;
23.01.2025;1;114;1;nature;photo with caption;repost;leskystudio;calming;;;
23.01.2025;2;115;1;everydaylife;video with caption;repost;theperfectmagazine;funny;;;
23.01.2025;3;116;1;musk,heil;screenshot;repost;alllislost;shocking;us.politics;Heil added to tesla on factory wall;
23.01.2025;4;117;0;musk,heil;;;;;;;
23.01.2025;5;118;1;meta;screenshot;repost;the independent;shocking;us.politics;;
23.01.2025;6;119;1;meta;screenshot;repost;unattributed;shocking;us.politics;;
23.01.2025;7;120;1;everydaylife;video with caption;repost;mieszajsztukiwalki;funny;;;
23.01.2025;8;121;0;news,poland;screenshot;repost;the economist;informative;;;
23.01.2025;9;122;0;swiatek;;;;;;;
23.01.2025;10;123;0;swiatek;;;;;;;
23.01.2025;11;124;0;swiatek;;;;;;;
23.01.2025;12;125;1;weather,us;screenshot;repost;pomyslowamama;shocking;;;
23.01.2025;13;128;0;news,wroclaw;;;;;;;
23.01.2025;14;129;1;wroclaw;photo with caption;original;;;;;
23.01.2025;15;131;1;trump;macro;original;;funny;;;
23.01.2025;16;132;1;melania;macro;original;;funny;;;
23.01.2025;17;133;1;cats;macro;repost;unattributed;funny;;;
23.01.2025;18;134;1;dogs;video with caption;repost;afshineermami;funny;;;
23.01.2025;19;135;0;wosp;;;;;;;
23.01.2025;20;136;1;selfreferential;screenshot;repost;unattributed;;;;
23.01.2025;21;137;0;news,church;;;;shocking;church;;
23.01.2025;22;138;1;poland,sexeducation;screenshot;repost;smutnehistoriepisanenakacu;funny;left-wing;;
23.01.2025;23;139;0;swiatek;;;;;;;
23.01.2025;24;140;1;nature;;;;calming;;;
23.01.2025;25;141;1;education;screenshot;repost;unattributed;funny;left-wing;;
23.01.2025;26;142;0;politics,poland;screenshot;repost;okopress;shocking;;;
23.01.2025;27;143;1;politics,poland;macro;repost;unattributed;funny;;jab at katarzyna kotula's fake diploma;
23.01.2025;28;144;1;politics,poland;;;;;;critique of left-wing politicians;
23.01.2025;29;145;0;news,iraq;;;;;;;
23.01.2025;30;146;0;swiatek;;;;;;;
23.01.2025;31;147;0;;text;;;;;;
23.01.2025;32;148;0;swiatek;;;;;;;
23.01.2025;33;149;0;swiatek;;;;;;;
23.01.2025;34;150;0;swiatek;;;;;;;
23.01.2025;35;151;1;swiatek;video ;original;;;;polish hymn sung by knights at grunwald;
23.01.2025;36;152;0;swiatek;;;;;;;
23.01.2025;37;153;1;selfreferential;photoshop;original;;;;;
23.01.2025;38;154;1;swiatek;macro;;;;;;
23.01.2025;39;155;1;ai cat;;;;calming;;;
23.01.2025;40;156;0;celebrities;;;;;;;
23.01.2025;41;157;0;celebrities;;;;;;;
23.01.2025;42;158;0;news,poland;;;;;;;
23.01.2025;43;159;1;musk,heil;screenshot;repost;robertwpodrozy;shocking;;;
23.01.2025;44;161;1;musk,heil;screenshot;original;;shocking;;debunking swift heil hitler;
23.01.2025;45;162;1;selfreferential;screenshot;reply;bamberrek;;;;
23.01.2025;46;163;1;selfreferential;screenshot;reply;pi0trq;;;;
23.01.2025;47;164;0;news,thailand;screenshot;;;;left-wing;thailand allow samesex marriages;
23.01.2025;48;165;0;nature;;;;;;;
23.01.2025;49;166;0;celebrities;;;;;;;
23.01.2025;50;167;0;selfreferential;;;;;;;
23.01.2025;51;168;0;selfreferential;;;;;;;
23.01.2025;52;169;0;news,tiktok;;;;;;;
23.01.2025;53;170;1;everydaylife;screenshot;repost;marcinmichalowski;;us.politics;Barron Trump with raised hand w caption This moment when you brag to your wife you've put the dishes out of the dishwasher;
23.01.2025;54;171;1;selfreferential;screenshot;original;;;;;
23.01.2025;55;172;1;barrontrump;photoshop;repost;aiko_frodo_jrt;funny;us.politics;;
23.01.2025;56;173;1;celebrities;screenshot;repost;szadkowska_paulina;funny;polish.politics;;
23.01.2025;57;174;0;news,poland;;;;;;;
23.01.2025;58;175;1;selfreferential;screenshot;repost;michalmarszal;funny;community;;
23.01.2025;59;176;0;warsaw;;;;;;;
23.01.2025;60;177;1;selfreferential;photoshop;original;;;;;
23.01.2025;61;179;0;news,who;;;;;;;
23.01.2025;62;180;0;news,morawiecki;;;;;;;
23.01.2025;63;181;1;morawiecki;photoshop;original;;funny;pis;;
23.01.2025;64;182;0;news,doughnuts;;;;;;;
23.01.2025;65;183;0;church;;;;;;;
23.01.2025;66;184;1;church;macro;original;;funny;;;
23.01.2025;67;185;1;church;macro;repost;unattributed;funny;;;
23.01.2025;68;186;0;krakow;;;;;;;
23.01.2025;69;187;0;news,trump;;;;;us.politics;trump declassifies jfk files;
23.01.2025;70;188;1;kaczynski;photo with caption;original;;funny;;"meme showing kaczynski with firearm w caption ""we all know what happened""";
23.01.2025;71;189;1;dogs;;;;calming;community;goodnight video;
24.01.2025;1;190;;;;;;;;;
24.01.2025;2;191;;;;;;;;;
24.01.2025;3;192;;;;;;;;;
24.01.2025;4;;;;;;;;;;
24.01.2025;5;;;;;;;;;;
24.01.2025;6;;;;;;;;;;
24.01.2025;7;;;;;;;;;;
24.01.2025;8;;;;;;;;;;
24.01.2025;9;;;;;;;;;;
24.01.2025;10;;;;;;;;;;
24.01.2025;11;;;;;;;;;;
24.01.2025;12;;;;;;;;;;
24.01.2025;13;;;;;;;;;;
24.01.2025;14;;;;;;;;;;
;15;;;;;;;;;;
;16;;;;;;;;;;
;17;;;;;;;;;;
;18;;;;;;;;;;
;19;;;;;;;;;;
;20;;;;;;;;;;
;21;;;;;;;;;;
;22;;;;;;;;;;
;23;;;;;;;;;;
;24;;;;;;;;;;
;25;;;;;;;;;;
;26;;;;;;;;;;
;27;;;;;;;;;;
;28;;;;;;;;;;
;29;;;;;;;;;;
;30;;;;;;;;;;
;31;;;;;;;;;;
;32;;;;;;;;;;
;33;;;;;;;;;;
;34;;;;;;;;;;
;35;;;;;;;;;;
;36;;;;;;;;;;
;37;;;;;;;;;;
;38;;;;;;;;;;
;39;;;;;;;;;;
;40;;;;;;;;;;
;41;;;;;;;;;;
;42;;;;;;;;;;
;43;;;;;;;;;;
;44;;;;;;;;;;
;45;;;;;;;;;;
;46;;;;;;;;;;
;47;;;;;;;;;;
;48;;;;;;;;;;
;49;;;;;;;;;;
;50;;;;;;;;;;
;51;;;;;;;;;;
;52;;;;;;;;;;
;53;;;;;;;;;;
;54;;;;;;;;;;
